"ProbeID","CodeClass","GeneName.x","Accession","IsControl","ControlConc","MF_vs_eMF","MF_vs_D","eMF_vs_D","eMF_vs_HS","MF_vs_HS","AveExpr","F","P.Value","adj.P.Val","GeneName.y"
"Endogenous_IRF3_NM_001571.5","Endogenous","IRF3","NM_001571.5",FALSE,NA,-1.43416619191805,-0.237395191143581,1.19677100077447,2.33326320349674,0.899097011578693,6.11500096859641,80.2818002339751,3.05402572344732e-29,2.32105954981996e-26,"IRF3"
"Endogenous_IL21R_NM_181079.4","Endogenous","IL21R","NM_181079.4",FALSE,NA,-0.436414013188189,1.10929962818705,1.54571364137524,3.79798982097132,3.36157580778313,4.95563059678134,77.0893662499929,1.62795787601613e-28,6.18623992886129e-26,"IL21R"
"Endogenous_LAT_NM_001014987.1","Endogenous","LAT","NM_001014987.1",FALSE,NA,-0.134486158623968,1.0969400371638,1.23142619578777,2.5589338843297,2.42444772570573,7.52368568979438,72.0082928227731,2.56496587437809e-27,5.37908452953652e-25,"LAT"
"Endogenous_HLA-DRB3_NM_022555.3","Endogenous","HLA-DRB3","NM_022555.3",FALSE,NA,-0.591154883664696,0.545658138819453,1.13681302248415,2.80384243929588,2.21268755563118,11.9375169197111,71.8303996559968,2.83109712080869e-27,5.37908452953652e-25,"HLA-DRB3"
"Endogenous_TIGIT_NM_173799.2","Endogenous","TIGIT","NM_173799.2",FALSE,NA,-0.127398577456385,1.28397493399239,1.41137351144877,2.97628747861106,2.84888890115468,6.0825076423128,70.7694816420155,5.11710684937245e-27,7.77800241104612e-25,"TIGIT"
"Endogenous_CD74_NM_001025159.1","Endogenous","CD74","NM_001025159.1",FALSE,NA,-0.532464738607473,0.542322444231736,1.07478718283921,2.51469452659601,1.98222978798853,13.1172912635282,69.4952112352764,1.04946656643352e-26,1.32932431748246e-24,"CD74"
"Endogenous_TAP1_NM_000593.5","Endogenous","TAP1","NM_000593.5",FALSE,NA,-1.38180814721797,0.0594335196020559,1.44124166682002,2.79254461305366,1.4107364658357,7.39833619883329,67.3247217970216,3.63501663570313e-26,3.55557961685394e-24,"TAP1"
"Endogenous_TRAF1_NM_005658.3","Endogenous","TRAF1","NM_005658.3",FALSE,NA,-0.629264400299453,0.915444794090262,1.54470919438972,2.56135287982919,1.93208847952973,7.13939441352211,67.2742152945875,3.74271538616205e-26,3.55557961685394e-24,"TRAF1"
"Endogenous_IL27RA_NM_004843.3","Endogenous","IL27RA","NM_004843.3",FALSE,NA,-0.639736183047731,0.634912451117128,1.27464863416486,2.68059929550301,2.04086311245528,6.28220788100269,64.4715368251329,1.93225627424148e-25,1.63168307602614e-23,"IL27RA"
"Endogenous_CD84_NM_003874.3","Endogenous","CD84","NM_003874.3",FALSE,NA,-0.0728717517582469,0.888003700745895,0.960875452504142,1.53122640280936,1.45835465105111,7.0001203720995,64.0271585570978,2.51647795291894e-25,1.9125232442184e-23,"CD84"
"Endogenous_DUSP1_NM_004417.2","Endogenous","DUSP1","NM_004417.2",FALSE,NA,0.706641186595849,0.538187944684578,-0.168453241911271,-3.26438067047245,-2.5577394838766,9.46342558412363,63.1883184372169,4.1558656217072e-25,2.75480989895722e-23,"DUSP1"
"Endogenous_MAP3K14_NM_003954.1","Endogenous","MAP3K14","NM_003954.1",FALSE,NA,-0.971734936105313,-0.21928136797662,0.752453568128693,1.9755594149984,1.00382447889309,7.25079833453515,63.112417953033,4.34969984045877e-25,2.75480989895722e-23,"MAP3K14"
"Endogenous_ADORA2A_NM_000675.3","Endogenous","ADORA2A","NM_000675.3",FALSE,NA,-0.205635321701097,0.871143410947608,1.07677873264871,2.44541258094306,2.23977725924196,4.77390570017384,62.1486731358561,7.7817070201857e-25,4.5493056425701e-23,"ADORA2A"
"Endogenous_LAPTM5_NM_006762.2","Endogenous","LAPTM5","NM_006762.2",FALSE,NA,-0.496956694819083,0.436232518702985,0.933189213522068,2.11978701673824,1.62283032191916,9.79532853704805,61.7807195069297,9.73040712569781e-25,5.28222101109309e-23,"LAPTM5"
"Endogenous_IKBKE_NM_014002.2","Endogenous","IKBKE","NM_014002.2",FALSE,NA,-0.879067497215529,-0.162973330693836,0.716094166521693,2.20999830457024,1.33093080735471,7.10484550906362,61.4840709620397,1.16580574224507e-24,5.9067490940417e-23,"IKBKE"
"Endogenous_TNFRSF9_NM_001561.4","Endogenous","TNFRSF9","NM_001561.4",FALSE,NA,0.46079105395516,1.24724323421181,0.78645218025665,2.30128814551268,2.76207919946784,4.3881409986123,61.3681161019537,1.25132161100173e-24,5.9437776522582e-23,"TNFRSF9"
"Endogenous_TRAF2_NM_021138.3","Endogenous","TRAF2","NM_021138.3",FALSE,NA,-0.539153711927673,0.127934606799167,0.66708831872684,1.41868650386294,0.87953279193527,7.10892890116546,59.4038335747091,4.20130290945815e-24,1.87822953599306e-22,"TRAF2"
"Endogenous_HLA-DMB_NM_002118.3","Endogenous","HLA-DMB","NM_002118.3",FALSE,NA,-0.276690868323117,0.508640815618788,0.785331683941905,1.73825136378891,1.46156049546579,8.28437773917931,59.291899966551,4.50464298364204e-24,1.90196037087108e-22,"HLA-DMB"
"Endogenous_LTB_NM_002341.1","Endogenous","LTB","NM_002341.1",FALSE,NA,-0.582769751750545,1.18582979476982,1.76859954652037,4.11545849108273,3.53268873933218,7.5522355131193,58.9586489530812,5.54619864514178e-24,2.21847945805671e-22,"LTB"
"Endogenous_TNF_NM_000594.2","Endogenous","TNF","NM_000594.2",FALSE,NA,-0.0717665982704201,1.23081310595328,1.3025797042237,2.75277185468826,2.68100525641784,6.71817543619147,58.4800050898449,7.486137265711e-24,2.84473216097018e-22,"TNF"
"Endogenous_PTAFR_NM_000952.3","Endogenous","PTAFR","NM_000952.3",FALSE,NA,-0.383783666416462,-0.11325320138693,0.270530465029532,1.89791774663467,1.51413408021821,6.78555868780642,57.7215518081071,1.20761101225559e-23,4.37040175863927e-22,"PTAFR"
"Endogenous_MYD88_NM_002468.3","Endogenous","MYD88","NM_002468.3",FALSE,NA,-0.17323061909133,0.237376403034576,0.410607022125905,1.49513380574507,1.32190318665374,8.36693510954191,57.3022039514737,1.5754914884568e-23,5.21906258939015e-22,"MYD88"
"Endogenous_GSN_NM_000177.4","Endogenous","GSN","NM_000177.4",FALSE,NA,1.52350756702632,0.528923127277574,-0.994584439748744,-2.49762778947231,-0.974120222445988,11.0550345271431,57.2982518862043,1.57945315205228e-23,5.21906258939015e-22,"GSN"
"Endogenous_IL4I1_NM_152899.1","Endogenous","IL4I1","NM_152899.1",FALSE,NA,-0.0855938306144433,0.971456735203364,1.05705056581781,3.27383486688549,3.18824103627105,6.09616730645967,56.5688282392922,2.51505868491839e-23,7.96435250224156e-22,"IL4I1"
"Endogenous_IL4R_NM_000418.3","Endogenous","IL4R","NM_000418.3",FALSE,NA,-0.795339930342602,-0.223646757801544,0.571693172541059,2.30316630752362,1.50782637718101,7.99601084399337,56.4280036864643,2.75248080744971e-23,8.36754165464712e-22,"IL4R"
"Endogenous_JUN_NM_002228.3","Endogenous","JUN","NM_002228.3",FALSE,NA,0.832158880874456,0.229543746639757,-0.602615134234699,-2.57442052959671,-1.74226164872225,6.56084406457575,55.6293330186529,4.60210959594885e-23,1.3452320357389e-21,"JUN"
"Endogenous_IKZF1_NM_006060.4","Endogenous","IKZF1","NM_006060.4",FALSE,NA,-0.291356350070769,1.00167027013857,1.29302662020934,2.32372116238403,2.03236481231326,7.91352223659477,54.7652942194155,8.06294684502978e-23,2.26957022304542e-21,"IKZF1"
"Endogenous_FAS_NM_000043.4","Endogenous","FAS","NM_000043.4",FALSE,NA,-1.79218151171024,-0.472228751304955,1.31995276040529,1.53586803970025,-0.25631347200999,6.21600673905125,54.4899821456796,9.65034112674097e-23,2.61937830582969e-21,"FAS"
"Endogenous_TNFRSF1B_NM_001066.2","Endogenous","TNFRSF1B","NM_001066.2",FALSE,NA,-0.207246373642552,0.524783288768779,0.732029662411331,1.92915400586809,1.72190763222553,7.49690088315339,54.0448003366563,1.29185313223104e-22,3.38554613963996e-21,"TNFRSF1B"
"Endogenous_FOXP3_NM_014009.3","Endogenous","FOXP3","NM_014009.3",FALSE,NA,0.220788745829563,0.856250162313872,0.635461416484309,2.79192650361294,3.01271524944251,5.99108442811794,53.4377606270576,1.92695745347486e-22,4.88162554880297e-21,"FOXP3"
"Endogenous_CD247_NM_198053.2","Endogenous","CD247","NM_198053.2",FALSE,NA,-0.793057957516554,0.747337621511075,1.54039557902763,3.40266222470319,2.60960426718663,5.92890421658632,53.3299500968454,2.06931986591893e-22,5.07317128418834e-21,"CD247"
"Endogenous_LGALS3_NM_001177388.1","Endogenous","LGALS3","NM_001177388.1",FALSE,NA,0.999999216445334,-0.0156924098242399,-1.01569162626957,-2.05753577372646,-1.05753655728113,9.90852755232675,52.8621820885003,2.82187184603007e-22,6.70194563432142e-21,"LGALS3"
"Endogenous_ITGAL_NM_002209.2","Endogenous","ITGAL","NM_002209.2",FALSE,NA,0.0157256493078011,1.2833714272577,1.2676457779499,2.48399651670546,2.49972216601326,7.0140638856244,52.5434911961061,3.48891032704559e-22,8.03506620774135e-21,"ITGAL"
"Endogenous_CCR7_NM_001838.2","Endogenous","CCR7","NM_001838.2",FALSE,NA,0.0442692949845513,1.07917400287414,1.03490470788959,3.05566646618709,3.09993576117164,6.24929898741376,52.3432839996851,3.98784239045207e-22,8.9140006374811e-21,"CCR7"
"Endogenous_IL2RB_NM_000878.2","Endogenous","IL2RB","NM_000878.2",FALSE,NA,-0.585559077213146,1.06325430646875,1.64881338368189,2.96256854870994,2.37700947149679,7.71660337758745,51.2800640482304,8.14802607285587e-22,1.76928566153442e-20,"IL2RB"
"Endogenous_FADD_NM_003824.2","Endogenous","FADD","NM_003824.2",FALSE,NA,-0.570879900232885,-0.0695754403321933,0.501304459900692,1.60477929978951,1.03389939955662,5.52334874402319,50.1438633676514,1.7641415032988e-21,3.72429872918635e-20,"FADD"
"Endogenous_ICOS_NM_012092.2","Endogenous","ICOS","NM_012092.2",FALSE,NA,0.252906990690016,1.39647599827766,1.14356900758764,2.62947381255935,2.88238080324937,5.25308369318559,49.8202447595876,2.20206807240658e-21,4.52316685142972e-20,"ICOS"
"Endogenous_CD80_NM_005191.3","Endogenous","CD80","NM_005191.3",FALSE,NA,-0.380920216997162,1.1581707765242,1.53909099352136,3.47627973913601,3.09535952213885,5.35507130080675,49.5960346289394,2.56887729066958e-21,5.10364389202421e-20,"CD80"
"Endogenous_PIK3CG_NM_002649.2","Endogenous","PIK3CG","NM_002649.2",FALSE,NA,-0.342943879734488,0.753158254183458,1.09610213391795,1.92090287048864,1.57795899075415,6.81517784285118,49.5679660981529,2.61897515511769e-21,5.10364389202421e-20,"PIK3CG"
"Endogenous_ITGB7_NM_000889.1","Endogenous","ITGB7","NM_000889.1",FALSE,NA,-0.493356611329999,0.50797733332595,1.00133394465595,1.85352374868561,1.36016713735561,6.0741478125545,49.4709445742237,2.79991483171274e-21,5.31983818025421e-20,"ITGB7"
"Endogenous_GLG1_NM_001145666.1","Endogenous","GLG1","NM_001145666.1",FALSE,NA,0.490472634299106,0.0981596862934477,-0.392312948005658,-1.24098605495134,-0.750513420652233,8.72866079806937,49.3657053523954,3.01057802685654e-21,5.58058365953895e-20,"GLG1"
"Endogenous_ATF3_NM_001674.2","Endogenous","ATF3","NM_001674.2",FALSE,NA,0.333383990668943,0.422542344421832,0.0891583537528895,-2.6202038081124,-2.28681981744345,5.38777764511489,48.5652027234487,5.24162985014548e-21,9.48485401454897e-20,"ATF3"
"Endogenous_CD27_NM_001242.4","Endogenous","CD27","NM_001242.4",FALSE,NA,-0.343978268105215,1.21923186663458,1.56321013473979,3.04314952532554,2.69917125722032,6.08462610470938,48.3277743419279,6.18435280517368e-21,1.06939862176173e-19,"CD27"
"Endogenous_IRF7_NM_001572.3","Endogenous","IRF7","NM_001572.3",FALSE,NA,-0.188903215686604,0.533741794915215,0.72264501060182,2.33807146828427,2.14916825259767,7.42956599754407,48.3261750704848,6.19125517862054e-21,1.06939862176173e-19,"IRF7"
"Endogenous_CAV1_NM_001753.3","Endogenous","CAV1","NM_001753.3",FALSE,NA,1.00023844752022,0.0413499798362347,-0.958888467683988,-1.78730012718037,-0.787061679660148,7.28035701600832,46.793337071562,1.81976976187855e-20,3.07338893117267e-19,"CAV1"
"Endogenous_TGFB1_NM_000660.3","Endogenous","TGFB1","NM_000660.3",FALSE,NA,-0.228488491799475,0.3634687256841,0.591957217483575,1.54633464989411,1.31784615809463,8.48123488876579,46.6300357383229,2.04346388124243e-20,3.37615771683533e-19,"TGFB1"
"Endogenous_TAPBP_NM_003190.4","Endogenous","TAPBP","NM_003190.4",FALSE,NA,-0.161355930687218,0.438489258212179,0.599845188899398,1.39243252369401,1.23107659300679,9.66274350136979,46.4837462782003,2.26751186133116e-20,3.6666149247057e-19,"TAPBP"
"Endogenous_FURIN_NM_002569.2","Endogenous","FURIN","NM_002569.2",FALSE,NA,-0.487555544982746,-0.377411254528216,0.11014429045453,1.93682388956209,1.44926834457934,8.54170448159098,45.341116878232,5.14044702355797e-20,8.13904112063345e-19,"FURIN"
"Endogenous_PIM2_NM_006875.2","Endogenous","PIM2","NM_006875.2",FALSE,NA,-0.120288303064768,1.09578940997558,1.21607771304034,1.7332870537656,1.61299875070084,6.94250010156422,44.9904175318601,6.62234583409034e-20,1.02713935385891e-18,"PIM2"
"Endogenous_S100A9_NM_002965.2","Endogenous","S100A9","NM_002965.2",FALSE,NA,-0.525197416702685,-1.51588628962299,-0.990688872920305,6.16161726233676,5.63641984563407,12.74449434654,43.8895914741551,1.47630236357519e-19,2.24397959263428e-18,"S100A9"
"Endogenous_TAP2_NM_000544.3","Endogenous","TAP2","NM_000544.3",FALSE,NA,-0.0769704647964371,0.688586562291575,0.765557027088012,1.88740844670404,1.81043798190761,7.82605141127876,43.8373814182019,1.53389781842309e-19,2.28580851372852e-18,"TAP2"
"Endogenous_CCL5_NM_002985.2","Endogenous","CCL5","NM_002985.2",FALSE,NA,-0.655620511199053,1.29876428206248,1.95438479326154,3.32396615693041,2.66834564573136,7.18103191263397,43.1801389071393,2.48817628601607e-19,3.6365653411004e-18,"CCL5"
"Endogenous_IRF4_NM_002460.1","Endogenous","IRF4","NM_002460.1",FALSE,NA,-1.21178168511813,0.166389050888905,1.37817073600703,2.1454394147499,0.933657729631772,7.09755412849623,42.6681269219229,3.63618782943058e-19,5.16316739333152e-18,"IRF4"
"Endogenous_SPRY2_NM_005842.2","Endogenous","SPRY2","NM_005842.2",FALSE,NA,0.118404543697373,-0.0933733215298513,-0.211777865227225,-1.57465771384793,-1.45625317015056,6.88414796767696,42.6561988420762,3.66856630578819e-19,5.16316739333152e-18,"SPRY2"
"Endogenous_WAS_NM_000377.2","Endogenous","WAS","NM_000377.2",FALSE,NA,-0.0619624531649237,0.633511734294316,0.695474187459239,1.84048721297024,1.77852475980532,6.82995774387,42.5548505534403,3.95576349345601e-19,5.46614591823013e-18,"WAS"
"Endogenous_ADAM8_NM_001109.4","Endogenous","ADAM8","NM_001109.4",FALSE,NA,-0.273278014544887,0.497145156408759,0.770423170953646,2.36272086009449,2.0894428455496,5.85623808118532,41.8194438364187,6.85349254142224e-19,9.30116844907304e-18,"ADAM8"
"Endogenous_EDN1_NM_001168319.1","Endogenous","EDN1","NM_001168319.1",FALSE,NA,0.599753618375638,0.117060719489376,-0.482692898886262,-2.44348529713361,-1.84373167875797,5.52250782336613,41.7140430244339,7.41802526979499e-19,9.89070035972665e-18,"EDN1"
"Endogenous_JAK3_NM_000215.2","Endogenous","JAK3","NM_000215.2",FALSE,NA,0.259564836532971,1.14997720362487,0.890412367091904,2.41575987434778,2.67532471088075,6.5482470195244,41.5895132127984,8.14625834735937e-19,1.06744074896433e-17,"JAK3"
"Endogenous_MSC_NM_005098.3","Endogenous","MSC","NM_005098.3",FALSE,NA,0.166670604546591,0.626149758338612,0.459479153792021,1.61530128917766,1.78197189372426,5.93728150951747,41.3738998552461,9.58330096609784e-19,1.23445910749735e-17,"MSC"
"Endogenous_MAP2K2_NM_030662.3","Endogenous","MAP2K2","NM_030662.3",FALSE,NA,-0.163912985750954,-0.168070972246257,-0.00415798649530252,0.892465589647426,0.728552603896471,8.87752276779962,41.2559787853731,1.0475600886278e-18,1.32690944559522e-17,"MAP2K2"
"Endogenous_NOD2_NM_022162.2","Endogenous","NOD2","NM_022162.2",FALSE,NA,-0.55268978898736,-0.498587349069583,0.0541024399177772,1.67863551324226,1.1259457242549,6.84109104274198,41.1741615322192,1.11438835782384e-18,1.38841828187888e-17,"NOD2"
"Endogenous_TRAF6_NM_145803.2","Endogenous","TRAF6","NM_145803.2",FALSE,NA,0.678807259453947,0.474578189825242,-0.204229069628705,-1.2790693596369,-0.600262100182949,6.21027228982986,40.8841071713217,1.38822358417961e-18,1.70169342576855e-17,"TRAF6"
"Endogenous_JAML_NM_153206.2","Endogenous","JAML","NM_153206.2",FALSE,NA,-0.103310665383466,0.861082415030797,0.964393080414263,1.85591337691655,1.75260271153308,8.80532862138306,40.7837063563676,1.49818562751591e-18,1.8073350427176e-17,"JAML"
"Endogenous_TOX_NM_014729.2","Endogenous","TOX","NM_014729.2",FALSE,NA,-0.1573612598608,1.19290645244281,1.35026771230361,1.67493767693815,1.51757641707735,6.11809125501057,40.739570394391,1.54928551337948e-18,1.83977654713813e-17,"TOX"
"Endogenous_CSF2_NM_000758.2","Endogenous","CSF2","NM_000758.2",FALSE,NA,-0.29198414085804,1.16100289338738,1.45298703424542,2.82432999609832,2.53234585524028,3.82192737166171,40.6669964446262,1.63718958644433e-18,1.91425243953491e-17,"CSF2"
"Endogenous_SELPLG_NM_003006.3","Endogenous","SELPLG","NM_003006.3",FALSE,NA,-0.17388975806151,0.717777867234793,0.891667625296303,2.29102272208299,2.11713296402148,4.49760040988076,40.6010260738312,1.72148606436827e-18,1.98231728624225e-17,"SELPLG"
"Endogenous_HIST2H2AA3_NM_003516.2","Endogenous","HIST2H2AA3","NM_003516.2",FALSE,NA,-0.385585668468426,-0.204074537279027,0.181511131189399,1.97931500140184,1.59372933293341,10.3314510968969,40.566553316153,1.76727537268448e-18,2.0046705720003e-17,"HIST2H2AA3"
"Endogenous_CXCL9_NM_002416.1","Endogenous","CXCL9","NM_002416.1",FALSE,NA,-0.483167277960392,2.2582167288221,2.74138400678249,5.93561949947657,5.45245222151618,8.33971622744637,40.2234975431425,2.29621563543228e-18,2.56635865136549e-17,"CXCL9"
"Endogenous_LAT2_NM_014146.3","Endogenous","LAT2","NM_014146.3",FALSE,NA,-0.704273923624925,0.168007420233482,0.872281343858407,2.43392932506547,1.72965540144055,7.03599411706416,40.1515303952907,2.4261941730213e-18,2.67232981376260e-17,"LAT2"
"Endogenous_YAP1_NM_001130145.2","Endogenous","YAP1","NM_001130145.2",FALSE,NA,0.528472316934419,-0.246360793598097,-0.774833110532516,-1.27887646083335,-0.75040414389893,8.83569691786838,40.0470772359262,2.62826512622786e-18,2.85354499419024e-17,"YAP1"
"Endogenous_LTA_NM_000595.2","Endogenous","LTA","NM_000595.2",FALSE,NA,-0.127971513434137,1.01523720821738,1.14320872165151,2.45285710471205,2.32488559127791,4.55864330994065,39.8377094908902,3.08631473616726e-18,3.30366084434806e-17,"LTA"
"Endogenous_BATF3_NM_018664.2","Endogenous","BATF3","NM_018664.2",FALSE,NA,-0.614379731988555,0.194553936114906,0.808933668103461,2.55113746102732,1.93675772903876,6.4330554287391,39.3206916389869,4.59710371199563e-18,4.85249836266206e-17,"BATF3"
"Endogenous_CXCR3_NM_001504.1","Endogenous","CXCR3","NM_001504.1",FALSE,NA,-0.0359492062015603,1.35726611693321,1.39321532313477,2.84717002519675,2.81122081899519,5.42149893554039,39.0093063651736,5.85090530501468e-18,6.09135346823446e-17,"CXCR3"
"Endogenous_CD83_NM_004233.3","Endogenous","CD83","NM_004233.3",FALSE,NA,-0.0650599388474333,1.14766773620032,1.21272767504776,2.19078289042,2.12572295157256,7.56708281761956,38.8151984660732,6.80319696270523e-18,6.98706715088645e-17,"CD83"
"Endogenous_IL7R_NM_002185.2","Endogenous","IL7R","NM_002185.2",FALSE,NA,0.950917764314948,1.85971945295966,0.908801688644709,2.07581103617113,3.02672880048608,7.83194611456514,37.6905329230693,1.64139035784953e-17,1.66327556262086e-16,"IL7R"
"Endogenous_PSMB9_NM_002800.4","Endogenous","PSMB9","NM_002800.4",FALSE,NA,-0.106171206054963,0.800470168411829,0.906641374466792,1.75941258853452,1.65324138247956,8.46951295231532,37.2845667905303,2.2624332904386e-17,2.2624332904386e-16,"PSMB9"
"Endogenous_CNN2_NM_004368.3","Endogenous","CNN2","NM_004368.3",FALSE,NA,-0.361197663179356,-0.219998150656878,0.141199512522478,1.00826374088513,0.64706607770577,9.17435518924236,37.1994507747258,2.42037936623624e-17,2.38894586797343e-16,"CNN2"
"Endogenous_NKG7_NM_005601.3","Endogenous","NKG7","NM_005601.3",FALSE,NA,-0.690057952683141,1.1216159473568,1.81167390003994,3.47585186676126,2.78579391407812,7.0158302137355,37.1324899375021,2.55247437661061e-17,2.48702631567187e-16,"NKG7"
"Endogenous_CSF2RA_NM_006140.3","Endogenous","CSF2RA","NM_006140.3",FALSE,NA,-0.0580502500883942,0.733628710695027,0.791678960783421,1.63952533941627,1.58147508932787,7.78751587485797,36.9421840928698,2.96930011739324e-17,2.85654188508717e-16,"CSF2RA"
"Endogenous_HLA-DOB_NM_002120.3","Endogenous","HLA-DOB","NM_002120.3",FALSE,NA,-0.341858552886285,0.73345773725385,1.07531629014013,1.41651365058851,1.07465509770222,6.05101204500334,36.7788545140298,3.38187795299179e-17,3.2127840553422e-16,"HLA-DOB"
"Endogenous_CCR8_NM_005201.2","Endogenous","CCR8","NM_005201.2",FALSE,NA,-0.768511809757213,1.01835768517356,1.78686949493078,2.68613942969769,1.91762761994048,5.30901903750953,36.5281468762509,4.13154705629335e-17,3.87651328738636e-16,"CCR8"
"Endogenous_CD28_NM_001243078.1","Endogenous","CD28","NM_001243078.1",FALSE,NA,0.265997853166337,1.13548461482483,0.869486761658492,2.2548357743391,2.52083362750543,5.50908201917308,36.1000089414948,5.82417234158534e-17,5.39801338976203e-16,"CD28"
"Endogenous_FOSB_NM_006732.1","Endogenous","FOSB","NM_006732.1",FALSE,NA,-0.446163335320129,0.4046960453728,0.850859380692929,-3.49124638206745,-3.93740971738758,5.50688537653531,35.5576889074322,9.02137765454909e-17,8.26053857524977e-16,"FOSB"
"Endogenous_BATF_NM_006399.3","Endogenous","BATF","NM_006399.3",FALSE,NA,-0.611517881574811,0.721779042235188,1.33329692381,2.18840700865533,1.57688912708052,5.53281892125612,35.5195828591304,9.30410309500379e-17,8.41799803833677e-16,"BATF"
"Endogenous_SPTBN1_NM_003128.2","Endogenous","SPTBN1","NM_003128.2",FALSE,NA,0.543316635270564,0.0968623584298136,-0.44645427684075,-1.4239116503327,-0.880595015062138,10.1932229145101,35.4551965541607,9.80242074802525e-17,8.76451737470493e-16,"SPTBN1"
"Endogenous_RND3_NM_005168.3","Endogenous","RND3","NM_005168.3",FALSE,NA,0.473765981010378,-0.303961615268245,-0.777727596278623,-1.63723814174793,-1.16347216073756,6.85360290769088,35.1057809788843,1.30202786907413e-16,1.15062927964691e-15,"RND3"
"Endogenous_PYCARD_NM_013258.3","Endogenous","PYCARD","NM_013258.3",FALSE,NA,-0.00849983877450278,-0.269493235893163,-0.260993397118661,1.14532976982629,1.13682993105179,7.16163178624381,35.0112125344803,1.40631002943883e-16,1.22850071537185e-15,"PYCARD"
"Endogenous_EMP1_NM_001423.1","Endogenous","EMP1","NM_001423.1",FALSE,NA,0.483973003111021,-0.205377334032308,-0.689350337143329,-1.26271178002897,-0.778738776917947,10.8030926378495,34.9300904033126,1.50250554492605e-16,1.29761842516341e-15,"EMP1"
"Endogenous_CTGF_NM_001901.2","Endogenous","CTGF","NM_001901.2",FALSE,NA,1.26650558292124,0.362588615222132,-0.903916967699112,-3.08781858565253,-1.82131300273129,8.0007579991082,34.6449151315388,1.89699029822865e-16,1.61990182770087e-15,"CTGF"
"Endogenous_SPHK1_NM_021972.2","Endogenous","SPHK1","NM_021972.2",FALSE,NA,-0.702177416973837,-0.315312399890583,0.386865017083253,1.66594266316397,0.963765246190132,5.90824986637544,34.6119241726798,1.9489554263031e-16,1.64578458221151e-15,"SPHK1"
"Endogenous_SELL_NR_029467.1","Endogenous","SELL","NR_029467.1",FALSE,NA,-0.421140774944351,0.64452472743305,1.0656655023774,3.3721012342077,2.95096045926335,5.99515586385705,33.7945448697173,3.82094993348717e-16,3.1911230213739e-15,"SELL"
"Endogenous_ITGB2_NM_000211.2","Endogenous","ITGB2","NM_000211.2",FALSE,NA,-0.109967709394883,0.655301817486047,0.76526952688093,1.86172402108731,1.75175631169243,8.28002793123507,33.5405732769153,4.71670863325011e-16,3.8964114796414e-15,"ITGB2"
"Endogenous_CTNNB1_NM_001098210.1","Endogenous","CTNNB1","NM_001098210.1",FALSE,NA,0.218260720102077,-0.133209621243289,-0.351470341345365,-0.97227096618689,-0.754010246084814,9.87979557130854,33.4796580863572,4.96160331987816e-16,4.05464357323376e-15,"CTNNB1"
"Endogenous_NFKBIE_NM_004556.2","Endogenous","NFKBIE","NM_004556.2",FALSE,NA,-0.471961187045562,0.266303925867875,0.738265112913436,1.67905147427172,1.20709028722616,6.69033241188027,33.4348156562103,5.15010081418281e-16,4.16391129657334e-15,"NFKBIE"
"Endogenous_CLDN1_NM_021101.3","Endogenous","CLDN1","NM_021101.3",FALSE,NA,0.8956017305296,0.083803304898078,-0.811798425631522,-2.3245947603335,-1.4289930298039,8.91233859422231,33.2616923074682,5.9487078309386e-16,4.75896626475088e-15,"CLDN1"
"Endogenous_FUT4_NM_002033.3","Endogenous","FUT4","NM_002033.3",FALSE,NA,-0.268254719775642,0.335837319184221,0.604092038959863,1.1292885902895,0.861033870513863,6.49277232217736,33.1547662283958,6.50369882469147e-16,5.14876156954741e-15,"FUT4"
"Endogenous_CYTIP_NM_004288.4","Endogenous","CYTIP","NM_004288.4",FALSE,NA,-0.15954116512572,0.895140007956822,1.05468117308254,1.53249408773075,1.37295292260503,7.8206847799422,33.0949955164683,6.83656299701145e-16,5.35648234817392e-15,"CYTIP"
"Endogenous_IRF1_NM_002198.1","Endogenous","IRF1","NM_002198.1",FALSE,NA,-0.371383565966227,0.56534216881435,0.936725734780577,2.22822987323236,1.85684630726613,7.40314102368703,32.7790935692672,8.90608504138105e-16,6.9067598280098e-15,"IRF1"
"Endogenous_MARCKSL1_NM_023009.5","Endogenous","MARCKSL1","NM_023009.5",FALSE,NA,-0.394878176438652,0.370477157709128,0.765355334147779,1.85790707498233,1.46302889854368,7.59380118283062,32.492954862518,1.13271951898593e-15,8.69562459019498e-15,"MARCKSL1"
"Endogenous_FPR3_NM_002030.3","Endogenous","FPR3","NM_002030.3",FALSE,NA,0.0512458488607948,0.582066213337168,0.530820364476373,1.81853910966661,1.8697849585274,7.68763536584443,32.4467696206942,1.177648431271e-15,8.95012807765961e-15,"FPR3"
"Endogenous_CLEC5A_NM_013252.2","Endogenous","CLEC5A","NM_013252.2",FALSE,NA,-0.816053099745424,0.400357822065923,1.21641092181135,1.64174993200398,0.825696832258554,5.62941778010584,32.3514243204606,1.2762110453581e-15,9.60317222249663e-15,"CLEC5A"
"Endogenous_IRF8_NM_002163.2","Endogenous","IRF8","NM_002163.2",FALSE,NA,0.527280677363063,1.17349023357707,0.646209556214004,1.51915418068561,2.04643485804867,7.24141137247783,32.3145533577642,1.31653667842024e-15,9.80948897646454e-15,"IRF8"
"Endogenous_MYC_NM_002467.3","Endogenous","MYC","NM_002467.3",FALSE,NA,0.273197927443187,-0.27342205893035,-0.546619986373537,-1.5938389281101,-1.32064100066692,8.24977924893541,32.2300274856521,1.41393668738842e-15,1.0432930897235e-14,"MYC"
"Endogenous_MMP9_NM_004994.2","Endogenous","MMP9","NM_004994.2",FALSE,NA,0.19386730573305,1.53117357812347,1.33730627239042,3.00021578699165,3.1940830927247,7.72928822798109,32.0995437527448,1.57887497386828e-15,1.15379325013451e-14,"MMP9"
"Endogenous_S100A8_NM_002964.3","Endogenous","S100A8","NM_002964.3",FALSE,NA,-0.0479493675581377,-1.36490274793287,-1.31695338037474,5.01390483079394,4.9659554632358,11.7508773880885,31.9580514654746,1.77992124303547e-15,1.28832394733996e-14,"S100A8"
"Endogenous_SERPINB9_NM_004155.3","Endogenous","SERPINB9","NM_004155.3",FALSE,NA,0.0526611670400827,0.952538985669117,0.899877818629034,1.56551449156812,1.6181756586082,7.2142730064209,31.9443909015033,1.80065880482417e-15,1.2910383883645e-14,"SERPINB9"
"Endogenous_NFKBIA_NM_020529.1","Endogenous","NFKBIA","NM_020529.1",FALSE,NA,0.184872041098926,0.345884197033843,0.161012155934918,-0.803098082058341,-0.618226040959415,10.5128197622249,31.515124669719,2.59402345149042e-15,1.84248394685301e-14,"NFKBIA"
"Endogenous_MIF_NM_002415.1","Endogenous","MIF","NM_002415.1",FALSE,NA,-0.169941069757463,-0.38981095494789,-0.219869885190427,0.813823812966294,0.643882743208831,10.2177874775942,31.4396047576271,2.76667876376722e-15,1.94692209302138e-14,"MIF"
"Endogenous_TREM2_NM_018965.3","Endogenous","TREM2","NM_018965.3",FALSE,NA,-1.11878307589522,-0.195026992327104,0.923756083568116,2.43828420539685,1.31950112950162,4.33007642474916,31.1197711417524,3.63736596093503e-15,2.53614507367947e-14,"TREM2"
"Endogenous_FCRL3_NM_052939.3","Endogenous","FCRL3","NM_052939.3",FALSE,NA,-0.118003940550238,1.27010334321717,1.3881072837674,2.47528748456503,2.35728354401479,4.40857913920013,30.4644906376178,6.3947673400526e-15,4.41820288949089e-14,"FCRL3"
"Endogenous_CD52_NM_001803.2","Endogenous","CD52","NM_001803.2",FALSE,NA,0.351482472137111,1.26799343667939,0.916510964542276,1.91124496093692,2.26272743307403,8.55243669432138,30.4421398906355,6.5195923439914e-15,4.46386502831843e-14,"CD52"
"Endogenous_FEM1C_NM_020177.2","Endogenous","FEM1C","NM_020177.2",FALSE,NA,0.347885242834713,0.181267059970827,-0.166618182863886,-0.765527366235686,-0.417642123400973,7.30941461560102,30.1014439260404,8.76008986021209e-15,5.9443466908582e-14,"FEM1C"
"Endogenous_KLF4_NM_004235.4","Endogenous","KLF4","NM_004235.4",FALSE,NA,-0.0507283241736616,-0.451022825302106,-0.400294501128444,-1.97368025635,-2.02440858052366,9.99650386452785,29.909959392674,1.0348304229781e-14,6.95992142887925e-14,"KLF4"
"Endogenous_CTLA4_NM_005214.3","Endogenous","CTLA4","NM_005214.3",FALSE,NA,0.0963860816831499,1.14679202924092,1.05040594755777,2.37471052579403,2.47109660747718,6.49403613476333,29.8796828623974,1.06249655240384e-14,7.08331034935894e-14,"CTLA4"
"Endogenous_NCF2_NM_000433.3","Endogenous","NCF2","NM_000433.3",FALSE,NA,-0.329879792141435,-0.0425359737940321,0.287343818347403,1.37977968922543,1.04989989708399,7.40597879197549,29.6094629453839,1.34524418199304e-14,8.89030937664966e-14,"NCF2"
"Endogenous_COL14A1_NM_021110.1","Endogenous","COL14A1","NM_021110.1",FALSE,NA,0.223090522082349,-1.03138810732615,-1.2544786294085,-2.24556306391603,-2.02247254183368,8.11591701877972,29.5625083872316,1.40166904236953e-14,9.18334889828313e-14,"COL14A1"
"Endogenous_B4GALT4_NM_003778.3","Endogenous","B4GALT4","NM_003778.3",FALSE,NA,0.436083056308519,0.0447728829302667,-0.391310173378252,-1.11256373383093,-0.676480677522407,5.74764310341689,29.540305103557,1.42918167772957e-14,9.2835732912348e-14,"B4GALT4"
"Endogenous_GPR65_NM_003608.2","Endogenous","GPR65","NM_003608.2",FALSE,NA,0.207557488863559,0.916533027321695,0.708975538458136,1.67151284369773,1.87907033256129,4.8944472720311,29.4463666994589,1.55178662939267e-14,9.99455795202056e-14,"GPR65"
"Endogenous_PDE4A_NM_006202.2","Endogenous","PDE4A","NM_006202.2",FALSE,NA,-0.32270830901832,0.282494913322225,0.605203222340545,1.13909326255362,0.816384953535295,6.63105178876648,29.3899290735283,1.63053066650241e-14,1.04134731642171e-13,"PDE4A"
"Endogenous_SEMA4B_NM_020210.3","Endogenous","SEMA4B","NM_020210.3",FALSE,NA,-0.931512656211742,-0.939245434447312,-0.00773277823556917,1.28567167306303,0.354159016851284,7.62099357243588,29.0710640382872,2.15820780639615e-14,1.36686494405089e-13,"SEMA4B"
"Endogenous_IL17RA_NM_014339.4","Endogenous","IL17RA","NM_014339.4",FALSE,NA,-0.259860654479278,0.12298646130197,0.382847115781248,0.864722984794946,0.604862330315669,7.99795407859901,28.9742176426347,2.35060829486181e-14,1.47641512735122e-13,"IL17RA"
"Endogenous_LAG3_NM_002286.5","Endogenous","LAG3","NM_002286.5",FALSE,NA,0.0119814293986904,1.28649958852471,1.27451815912602,2.28774097272908,2.29972240212777,4.89264920816142,28.9324653870314,2.43884516945174e-14,1.51928059736338e-13,"LAG3"
"Endogenous_PTPRC_NM_080923.2","Endogenous","PTPRC","NM_080923.2",FALSE,NA,0.321147557994113,1.16338633794642,0.842238779952309,1.38574069134125,1.70688824933536,6.76214595333744,28.9013816936463,2.50671384714492e-14,1.54886384051231e-13,"PTPRC"
"Endogenous_IL2RA_NM_000417.1","Endogenous","IL2RA","NM_000417.1",FALSE,NA,-0.210818680983549,0.665926811063932,0.876745492047482,2.61245347161486,2.40163479063131,6.2461956281105,28.7630797198841,2.8327256459691e-14,1.73618668623912e-13,"IL2RA"
"Endogenous_CD70_NM_001252.2","Endogenous","CD70","NM_001252.2",FALSE,NA,-0.442710961287355,0.518287898248809,0.960998859536164,2.17778426498945,1.73507330370209,4.50819241036481,28.7076953107447,2.97506830214708e-14,1.80884152770542e-13,"CD70"
"Endogenous_FSCN1_NM_003088.2","Endogenous","FSCN1","NM_003088.2",FALSE,NA,-0.42329181814647,-0.221771839238062,0.201519978908408,1.4822829557523,1.05899113760583,7.84355187625047,28.2886543774846,4.31638254204938e-14,2.60353232695042e-13,"FSCN1"
"Endogenous_HRAS_NM_005343.2","Endogenous","HRAS","NM_005343.2",FALSE,NA,0.859660124420164,-0.0889741633508319,-0.948634287770996,-1.13625888055747,-0.276598756137311,6.25101352432284,28.0211660191643,5.47994530980424e-14,3.27933735074899e-13,"HRAS"
"Endogenous_TNFRSF4_NM_003327.3","Endogenous","TNFRSF4","NM_003327.3",FALSE,NA,-0.430967930287318,0.351671290826475,0.782639221113793,2.09903310266685,1.66806517237953,4.18799297481437,28.0119119836371,5.52546904279611e-14,3.28074724416019e-13,"TNFRSF4"
"Endogenous_HLA-DPA1_NM_033554.2","Endogenous","HLA-DPA1","NM_033554.2",FALSE,NA,-0.197876723521528,0.672815427743851,0.870692151265379,1.7485443026709,1.55066757914938,10.8637286462151,27.9714732158843,5.72895061743257e-14,3.37519571259593e-13,"HLA-DPA1"
"Endogenous_IL10RA_NM_001558.2","Endogenous","IL10RA","NM_001558.2",FALSE,NA,0.147234101351295,0.68780158640465,0.540567485053355,1.43785141506015,1.58508551641144,7.77615973191163,27.7614167591839,6.91511642045008e-14,4.04268344580159e-13,"IL10RA"
"Endogenous_ITGA4_NM_000885.4","Endogenous","ITGA4","NM_000885.4",FALSE,NA,0.0738137953422351,0.736631836195729,0.662818040853494,1.70179703346272,1.77561082880495,6.08380550234162,27.6288756335855,7.78911233952428e-14,4.5188743343805e-13,"ITGA4"
"Endogenous_FASN_NM_004104.4","Endogenous","FASN","NM_004104.4",FALSE,NA,0.685860562000522,-0.327601773349379,-1.0134623353499,-2.59259346124688,-1.90673289924636,8.25684698180404,27.4521635717101,9.13166319419936e-14,5.2576242633269e-13,"FASN"
"Endogenous_SMAD7_NM_005904.2","Endogenous","SMAD7","NM_005904.2",FALSE,NA,-0.296751600011476,0.42524167653723,0.721993276548707,1.03241237270505,0.735660772693569,7.65304568780381,27.3129353403986,1.03533721114767e-13,5.91621263512953e-13,"SMAD7"
"Endogenous_TLR9_NM_017442.2","Endogenous","TLR9","NM_017442.2",FALSE,NA,-0.406022621865665,0.525211317526417,0.931233939392083,1.80689301626331,1.40087039439764,3.75343231092744,27.2840145809915,1.06272900390613e-13,6.0274182311094e-13,"TLR9"
"Endogenous_SP4_NM_003112.3","Endogenous","SP4","NM_003112.3",FALSE,NA,0.0769549501838114,0.675167999439543,0.598213049255731,0.00447454240755363,0.081429492591365,5.78347830188274,27.1912538313074,1.15565346213927e-13,6.50590097204328e-13,"SP4"
"Endogenous_HLA-DMA_NM_006120.3","Endogenous","HLA-DMA","NM_006120.3",FALSE,NA,0.0794382404640022,0.673961976004863,0.594523735540861,1.19591326757893,1.27535150804293,8.61984578515474,27.0772840507723,1.28121152968124e-13,7.15971148939516e-13,"HLA-DMA"
"Endogenous_AIF1_NM_032955.1","Endogenous","AIF1","NM_032955.1",FALSE,NA,-0.522504197229552,0.147134693225475,0.669638890455027,1.56286453515585,1.04036033792629,7.65838750322503,26.9525380232963,1.43460062512185e-13,7.95836843133287e-13,"AIF1"
"Endogenous_TLR1_NM_003263.3","Endogenous","TLR1","NM_003263.3",FALSE,NA,0.0135971124290171,0.592194125349008,0.578597012919991,1.0795771691124,1.09317428154142,6.45306291732644,26.771896534395,1.69043287255591e-13,9.30963031262673e-13,"TLR1"
"Endogenous_ALCAM_NM_001627.3","Endogenous","ALCAM","NM_001627.3",FALSE,NA,0.408052284236684,0.250018897730526,-0.158033386506157,-1.35972163741157,-0.951669353174887,6.96487067240294,26.7099229826689,1.78850149327288e-13,9.77885708552079e-13,"ALCAM"
"Endogenous_BCL2_NM_000657.2","Endogenous","BCL2","NM_000657.2",FALSE,NA,-0.269747598895252,0.575887727330429,0.845635326225681,0.503072447903312,0.23332484900806,7.51252176684363,26.6427637734501,1.90131470263322e-13,1.03214226714375e-12,"BCL2"
"Endogenous_SMARCD3_NM_001003801.1","Endogenous","SMARCD3","NM_001003801.1",FALSE,NA,-1.14061057158952,-0.62640651337195,0.514204058217566,1.16415162524179,0.0235410536522771,5.70649766590948,26.5993294808128,1.97809739965096e-13,1.06620852747144e-12,"SMARCD3"
"Endogenous_PDCD1_NM_005018.2","Endogenous","PDCD1","NM_005018.2",FALSE,NA,0.11451443338866,1.02984272000524,0.915328286616579,1.86383426390479,1.97834869729345,3.33911220203645,26.5633651800121,2.04405336842391e-13,1.09400039436773e-12,"PDCD1"
"Endogenous_IDO1_NM_002164.3","Endogenous","IDO1","NM_002164.3",FALSE,NA,-0.512165260370836,1.08038638604451,1.59255164641534,2.80794647482676,2.29578121445592,5.9055844060107,26.551149925254,2.06695975880259e-13,1.09852406761536e-12,"IDO1"
"Endogenous_GK5_NM_001039547.2","Endogenous","GK5","NM_001039547.2",FALSE,NA,0.201859262388161,-0.158630495821942,-0.360489758210103,-1.31160554565252,-1.10974628326436,7.07721216278205,26.4952851979254,2.17508727562997e-13,1.14796272880471e-12,"GK5"
"Endogenous_TNFAIP3_NM_006290.2","Endogenous","TNFAIP3","NM_006290.2",FALSE,NA,-0.168377219004153,0.615628545179986,0.784005764184139,-0.610286574348754,-0.778663793352907,8.02857109869288,26.481418335644,2.20280561137191e-13,1.15457397561562e-12,"TNFAIP3"
"Endogenous_IFNAR2_NM_000874.3","Endogenous","IFNAR2","NM_000874.3",FALSE,NA,0.0534870551191258,0.461066242382578,0.407579187263452,1.03305639422824,1.08654344934736,7.76216905912823,26.3316883725136,2.52595814702412e-13,1.31488232310845e-12,"IFNAR2"
"Endogenous_NFATC2_NM_012340.3","Endogenous","NFATC2","NM_012340.3",FALSE,NA,-0.468319351794055,0.345785670645294,0.81410502243935,0.636232853820153,0.167913502026098,7.51083075821833,26.21340544348,2.81500211670722e-13,1.45537524401189e-12,"NFATC2"
"Endogenous_COL4A2_NM_001846.2","Endogenous","COL4A2","NM_001846.2",FALSE,NA,1.15949713740472,0.02414004537866,-1.13535709202606,-0.742858835733697,0.416638301671019,7.85689437728469,26.1768233547145,2.91103105029722e-13,1.49485378258506e-12,"COL4A2"
"Endogenous_IL12B_NM_002187.2","Endogenous","IL12B","NM_002187.2",FALSE,NA,-0.669147324753941,0.294496944119615,0.963644268873556,1.9049249785803,1.23577765382636,3.44901370887366,26.0007885324992,3.42179894094636e-13,1.74534711081828e-12,"IL12B"
"Endogenous_ADAMTS9-AS2_NR_038264.1","Endogenous","ADAMTS9-AS2","NR_038264.1",FALSE,NA,0.55238727671043,0.174874574255686,-0.377512702454745,-1.97001662729706,-1.41762935058663,3.95545369257626,25.8260221389469,4.0191028867037e-13,2.02614205187195e-12,"ADAMTS9-AS2"
"Endogenous_MOK_NM_014226.2","Endogenous","MOK","NM_014226.2",FALSE,NA,0.04120499926593,-0.206100482404967,-0.247305481670897,-1.17597320585442,-1.13476820658849,5.20316919867546,25.8242632282481,4.02562433990349e-13,2.02614205187195e-12,"MOK"
"Endogenous_FAF1_NM_007051.2","Endogenous","FAF1","NM_007051.2",FALSE,NA,0.0293164565294912,-0.172187188096846,-0.201503644626337,-0.709853135969974,-0.680536679440483,7.83236985947263,25.7240445201978,4.41551580723729e-13,2.20775790361864e-12,"FAF1"
"Endogenous_CBR1_NM_001757.2","Endogenous","CBR1","NM_001757.2",FALSE,NA,0.557511038771514,-0.184748421323581,-0.742259460095095,-0.851033178195742,-0.293522139424228,8.57088156314972,25.3610466712948,6.17844618954937e-13,3.06903209415524e-12,"CBR1"
"Endogenous_CCL19_NM_006274.2","Endogenous","CCL19","NM_006274.2",FALSE,NA,-0.747680641257517,0.68457900134484,1.43225964260236,3.24063711479347,2.49295647353595,10.098279308326,25.3306142297372,6.35543179426172e-13,3.13644685950578e-12,"CCL19"
"Endogenous_PTGDS_NM_000954.5","Endogenous","PTGDS","NM_000954.5",FALSE,NA,-1.217627468111,0.388486105760569,1.60611357387157,1.0529703468549,-0.164657121256107,9.01207872804592,25.1379913642738,7.6016035951449e-13,3.72723789181299e-12,"PTGDS"
"Endogenous_BIRC5_NM_001168.2","Endogenous","BIRC5","NM_001168.2",FALSE,NA,-0.0228957015456448,-0.395122546708738,-0.372226845163093,1.51774661058695,1.49485090904131,6.40529710607849,25.1001994571053,7.87383974754868e-13,3.83597321034423e-12,"BIRC5"
"Endogenous_CSF1R_NM_005211.2","Endogenous","CSF1R","NM_005211.2",FALSE,NA,0.165643228746643,0.554396396539269,0.388753167792625,1.2186247450251,1.38426797377175,6.02639921817973,24.9167218381773,9.3431671314847e-13,4.52280701906266e-12,"CSF1R"
"Endogenous_PTPN14_NM_005401.4","Endogenous","PTPN14","NM_005401.4",FALSE,NA,0.252595870065587,-0.137121806820025,-0.389717676885612,-1.38051965212381,-1.12792378205822,7.55106434151814,24.6207632506828,1.23244689878202e-12,5.92822558907806e-12,"PTPN14"
"Endogenous_HDAC9_NM_014707.1","Endogenous","HDAC9","NM_014707.1",FALSE,NA,-0.0558716366191492,0.822231383447303,0.878103020066452,0.647831101331851,0.591959464712702,6.24238651964508,24.2669857846399,1.71874781559728e-12,8.2153983638612e-12,"HDAC9"
"Endogenous_ADAM19_NM_023038.3","Endogenous","ADAM19","NM_023038.3",FALSE,NA,0.19436175001677,0.830812983133318,0.636451233116547,2.04032607078005,2.23468782079682,5.98232933495568,24.1566951483048,1.90718855012837e-12,9.05914561310974e-12,"ADAM19"
"Endogenous_GRN_NM_002087.2","Endogenous","GRN","NM_002087.2",FALSE,NA,0.0136480267691113,-0.124587905497652,-0.138235932266763,0.758658720246556,0.772306747015667,10.5095965861121,23.9993454777674,2.21298286403913e-12,1.04463787370791e-11,"GRN"
"Endogenous_ANXA4_NM_001153.2","Endogenous","ANXA4","NM_001153.2",FALSE,NA,0.297192842916089,-0.323296140176884,-0.620488983092973,-0.772326689625291,-0.475133846709202,8.19991843946027,23.8277536083011,2.60361142976179e-12,1.22144733741911e-11,"ANXA4"
"Endogenous_KRBA1_NM_032534.2","Endogenous","KRBA1","NM_032534.2",FALSE,NA,-0.23268790081194,-0.14631622546213,0.0863716753498096,1.0661074225523,0.833419521740363,5.47156019780955,23.8012326727057,2.66995151550564e-12,1.24488536919281e-11,"KRBA1"
"Endogenous_IL18_NM_001562.2","Endogenous","IL18","NM_001562.2",FALSE,NA,1.10343891824497,0.0824205598234009,-1.02101835842157,-1.779250008565,-0.675811090320028,7.78347247792504,23.726060147075,2.86747062373302e-12,1.32489533537875e-11,"IL18"
"Endogenous_CXCR5_NM_001716.3","Endogenous","CXCR5","NM_001716.3",FALSE,NA,-0.624609743147344,0.549344191201905,1.17395393434925,2.04472147726041,1.42011173411306,2.86039947805395,23.7227807656051,2.8764175044407e-12,1.32489533537875e-11,"CXCR5"
"Endogenous_CCR4_NM_005508.4","Endogenous","CCR4","NM_005508.4",FALSE,NA,-0.33188359196269,0.798954441571182,1.13083803353387,2.71742919866511,2.38554560670242,6.81254419496795,23.6659039018221,3.036179002473e-12,1.3900578565539e-11,"CCR4"
"Endogenous_COASY_NM_025233.5","Endogenous","COASY","NM_025233.5",FALSE,NA,-0.721576464117156,-0.212980856987439,0.508595607129717,1.25329755748575,0.531721093368597,5.22986239674431,23.4850248555974,3.60672428856921e-12,1.64138350857042e-11,"COASY"
"Endogenous_CD1B_NM_001764.2","Endogenous","CD1B","NM_001764.2",FALSE,NA,-0.576931834262163,0.370121011567504,0.947052845829668,2.58153778266868,2.00460594840652,5.71805327697434,23.4256758674637,3.81675358627115e-12,1.72662662236076e-11,"CD1B"
"Endogenous_SERPINB2_NM_002575.1","Endogenous","SERPINB2","NM_002575.1",FALSE,NA,0.105037926575053,-0.58750341457633,-0.692541341151384,-1.89425807102819,-1.78922014445313,6.92718713454028,23.3803403331954,3.9855250618362e-12,1.79230712839971e-11,"SERPINB2"
"Endogenous_VAV1_NM_005428.2","Endogenous","VAV1","NM_005428.2",FALSE,NA,0.356498909487089,0.903972204017131,0.547473294530041,1.14608829497836,1.50258720446545,5.79748131690236,23.3532175388302,4.09009875346151e-12,1.82851473684162e-11,"VAV1"
"Endogenous_CXCR6_NM_006564.1","Endogenous","CXCR6","NM_006564.1",FALSE,NA,0.359148492433222,1.09242620257676,0.733277710143534,2.28426395194385,2.64341244437707,5.0923465318512,23.1982773190564,4.74324383256574e-12,2.10810837002922e-11,"CXCR6"
"Endogenous_PRDX3_NM_014098.3","Endogenous","PRDX3","NM_014098.3",FALSE,NA,0.636298630136181,0.236758727938586,-0.399539902197595,-1.25088595137918,-0.614587321243,8.11810418764108,22.9963233825504,5.7565147993285e-12,2.54357630668004e-11,"PRDX3"
"Endogenous_CXCL11_NM_005409.4","Endogenous","CXCL11","NM_005409.4",FALSE,NA,-0.692823500630789,1.37786742867721,2.070690929308,3.65288702482123,2.96006352419044,5.29218724368368,22.9756157571804,5.87212626573916e-12,2.57966240575824e-11,"CXCL11"
"Endogenous_CTSD_NM_001909.3","Endogenous","CTSD","NM_001909.3",FALSE,NA,-0.160205861876928,-0.513469467852273,-0.353263605975345,0.657997721449421,0.497791859572493,10.9816399898201,22.8111634539181,6.87813447513806e-12,3.00424264431317e-11,"CTSD"
"Endogenous_CCR5_NM_000579.1","Endogenous","CCR5","NM_000579.1",FALSE,NA,0.252221038764155,0.802020084323622,0.549799045559467,2.09376357927215,2.3459846180363,5.03806891471564,22.7356336476854,7.39720331585013e-12,3.21249972574063e-11,"CCR5"
"Endogenous_CD274_NM_014143.3","Endogenous","CD274","NM_014143.3",FALSE,NA,-0.462009353426563,0.409778084843174,0.871787438269737,2.15898498827568,1.69697563484912,4.44350086809807,22.6314598931587,8.17908869023444e-12,3.53187920714669e-11,"CD274"
"Endogenous_BTK_NM_000061.1","Endogenous","BTK","NM_000061.1",FALSE,NA,-0.0778415955020693,0.407188363794504,0.485029959296573,1.04557371635532,0.967732120853254,5.51171317948744,22.6021212312883,8.41408084795338e-12,3.61282567482744e-11,"BTK"
"Endogenous_CX3CR1_NM_001337.3","Endogenous","CX3CR1","NM_001337.3",FALSE,NA,0.555919630642819,1.08574160405422,0.529821973411402,0.50838440383161,1.06430403447443,5.33048237777696,22.5298612955655,9.02252552498739e-12,3.85231426909574e-11,"CX3CR1"
"Endogenous_PSMB8_NM_004159.4","Endogenous","PSMB8","NM_004159.4",FALSE,NA,-0.152970838737037,0.227372687187719,0.380343525924756,1.0822589223907,0.929288083653663,9.27061815296021,22.4721700280944,9.54024477348708e-12,4.05060671946937e-11,"PSMB8"
"Endogenous_MAP2K4_NM_003010.2","Endogenous","MAP2K4","NM_003010.2",FALSE,NA,0.132236774979074,-0.0387679864041397,-0.171004761383214,-0.810116321165149,-0.677879546186074,7.05760594015234,22.4575543406874,9.67612905431406e-12,4.07674022738092e-11,"MAP2K4"
"Endogenous_ZMPSTE24_NM_005857.3","Endogenous","ZMPSTE24","NM_005857.3",FALSE,NA,0.419546771945432,-0.0785793034472659,-0.498126075392697,-1.09382179843127,-0.674275026485841,7.13677677543901,22.4509194538819,9.73846149791032e-12,4.07674022738092e-11,"ZMPSTE24"
"Endogenous_PLAU_NM_002658.2","Endogenous","PLAU","NM_002658.2",FALSE,NA,-0.0129066588955515,-0.0734247791712157,-0.0605181202756642,1.42834105286897,1.41543439397342,7.75386940753327,22.4483489385148,9.76272001820168e-12,4.07674022738092e-11,"PLAU"
"Endogenous_BIRC3_NM_182962.2","Endogenous","BIRC3","NM_182962.2",FALSE,NA,-0.076103776876538,0.953818491684922,1.02992226856146,1.179854592472,1.10375081559546,8.36049777753969,22.2464987964744,1.18725552754239e-11,4.93067869361865e-11,"BIRC3"
"Endogenous_CD86_NM_175862.3","Endogenous","CD86","NM_175862.3",FALSE,NA,-0.201951716679035,0.432792116681992,0.634743833361028,1.44073672840286,1.23878501172382,5.04537134113477,22.184640684005,1.2607692175041e-11,5.20752502882129e-11,"CD86"
"Endogenous_EIF4EBP2_NM_004096.4","Endogenous","EIF4EBP2","NM_004096.4",FALSE,NA,0.0862032893007001,-0.231635601751874,-0.317838891052574,-0.679893391437343,-0.593690102136643,8.51890997851174,22.1506096383843,1.30316645397924e-11,5.35354867580659e-11,"EIF4EBP2"
"Endogenous_MET_NM_001127500.1","Endogenous","MET","NM_001127500.1",FALSE,NA,-0.319941154413577,-0.567676800753744,-0.247735646340167,-1.19286923342811,-1.51281038784169,5.33708011675259,22.0850934916028,1.38891050197251e-11,5.67511818010272e-11,"MET"
"Endogenous_STAT1_NM_139266.1","Endogenous","STAT1","NM_139266.1",FALSE,NA,-0.192303553278379,0.842841670105457,1.03514522338384,1.70180511359282,1.50950156031444,10.0072312579156,21.8723845105652,1.70887135460819e-11,6.94514561231136e-11,"STAT1"
"Endogenous_MAPK13_NM_002754.3","Endogenous","MAPK13","NM_002754.3",FALSE,NA,0.316559851864135,-0.478000625277911,-0.794560477142046,-0.80253731816692,-0.485977466302785,8.43086041808394,21.8132212703966,1.81051661498689e-11,7.31910972015978e-11,"MAPK13"
"Endogenous_CD68_NM_001251.2","Endogenous","CD68","NM_001251.2",FALSE,NA,0.362759462503689,0.188123543381609,-0.17463591912208,1.22778191785284,1.59054138035653,8.15685985288416,21.7696385478421,1.88930278859795e-11,7.59719639859492e-11,"CD68"
"Endogenous_KIF20A_NM_005733.2","Endogenous","KIF20A","NM_005733.2",FALSE,NA,-0.126020919777659,-0.429014786598685,-0.302993866821026,1.47788416317384,1.35186324339618,4.53072645815357,21.5850735444224,2.2634712364284e-11,9.05388494571362e-11,"KIF20A"
"Endogenous_BTLA_NM_181780.2","Endogenous","BTLA","NM_181780.2",FALSE,NA,0.16213284168434,1.1925707097002,1.03043786801586,1.18217034658632,1.34430318827066,5.0071397952403,21.5732301932872,2.28990738416982e-11,9.09791952356151e-11,"BTLA"
"Endogenous_TSPAN8_NM_004616.2","Endogenous","TSPAN8","NM_004616.2",FALSE,NA,0.358189312211489,-0.00102883907761342,-0.359218151289102,-2.83047359631188,-2.4722842841004,5.08291301252241,21.5663113128511,2.30549620615076e-11,9.09791952356151e-11,"TSPAN8"
"Endogenous_CSF1_NM_000757.4","Endogenous","CSF1","NM_000757.4",FALSE,NA,0.880136910545538,0.754617652056536,-0.125519258489002,-0.957056066067193,-0.0769191555216553,6.05672580504132,21.5641478622299,2.31039272111496e-11,9.09791952356151e-11,"CSF1"
"Endogenous_CDC20_NM_001255.2","Endogenous","CDC20","NM_001255.2",FALSE,NA,0.887210916619265,-0.327199593808819,-1.21441051042808,-0.317163928455227,0.570046988164037,5.62971823608475,21.3218047594883,2.93147684682763e-11,1.14841361009742e-10,"CDC20"
"Endogenous_PLAUR_NM_001005376.1","Endogenous","PLAUR","NM_001005376.1",FALSE,NA,-0.0702272454236255,0.0869830804068181,0.157210325830444,1.52031413254217,1.45008688711855,5.85749900876217,21.2281841361975,3.21463833527229e-11,1.25288468451638e-10,"PLAUR"
"Endogenous_PSME2_NM_002818.2","Endogenous","PSME2","NM_002818.2",FALSE,NA,-0.144621593766811,0.269267985642797,0.413889579409608,1.27088739095129,1.12626579718448,9.82786241480752,21.1185602907131,3.5817438373818e-11,1.38883944714805e-10,"PSME2"
"Endogenous_TLR7_NM_016562.3","Endogenous","TLR7","NM_016562.3",FALSE,NA,0.0561923251505494,0.864550953025749,0.8083586278752,1.30834420424816,1.36453652939871,3.54173095052467,21.0607612162521,3.79215885671116e-11,1.46296483812207e-10,"TLR7"
"Endogenous_FYN_NM_002037.3","Endogenous","FYN","NM_002037.3",FALSE,NA,-0.0774839671768817,0.340332332024174,0.417816299201055,0.763629158264745,0.686145191087864,8.82031948122456,20.9621127689618,4.18070917831196e-11,1.60471665430156e-10,"FYN"
"Endogenous_ACOX1_NM_004035.5","Endogenous","ACOX1","NM_004035.5",FALSE,NA,0.296490885721278,-0.0166906833643683,-0.313181569085646,-0.741359960503761,-0.444869074782483,8.64613260863488,20.8073268526723,4.87357634229691e-11,1.86126533675661e-10,"ACOX1"
"Endogenous_CLIC4_NM_013943.2","Endogenous","CLIC4","NM_013943.2",FALSE,NA,0.4401586048928,-0.200703374817643,-0.640861979710443,-1.12412887779791,-0.683970272905109,8.35884485452397,20.7035000228958,5.40265359858663e-11,2.05300836746292e-10,"CLIC4"
"Endogenous_PGGT1B_NM_005023.3","Endogenous","PGGT1B","NM_005023.3",FALSE,NA,0.0165349092413312,-0.0495075886639302,-0.0660424979052614,-0.600959407692973,-0.584424498451642,7.02772060869575,20.6962711419787,5.44159324160823e-11,2.05751784259814e-10,"PGGT1B"
"Endogenous_CD69_NM_001781.1","Endogenous","CD69","NM_001781.1",FALSE,NA,-0.198446111195648,1.15676738906326,1.35521350025891,0.488111763212292,0.289665652016645,6.05881361104366,20.6422995629058,5.74147200392365e-11,2.1594428954505e-10,"CD69"
"Endogenous_CD40LG_NM_000074.2","Endogenous","CD40LG","NM_000074.2",FALSE,NA,0.387715017773937,1.3400549846228,0.952339966848863,1.81163072308117,2.19934574085511,5.6640458278192,20.6376661698021,5.76798562863752e-11,2.1594428954505e-10,"CD40LG"
"Endogenous_IRF2_NM_002199.3","Endogenous","IRF2","NM_002199.3",FALSE,NA,-0.0442526759053186,0.404964054022413,0.449216729927731,0.52220003783122,0.477947361925901,7.48788078376613,20.6096359515028,5.93105467088023e-11,2.20960860287695e-10,"IRF2"
"Endogenous_DUSP2_NM_004418.3","Endogenous","DUSP2","NM_004418.3",FALSE,NA,-0.360721696510894,0.545162777353359,0.905884473864253,1.34272941696568,0.982007720454789,5.38751044195658,20.4270145305596,7.11445403058603e-11,2.63755368938799e-10,"DUSP2"
"Endogenous_STAT5A_NM_003152.3","Endogenous","STAT5A","NM_003152.3",FALSE,NA,0.0709715286409072,0.550100136922875,0.479128608281968,0.524077119533723,0.595048648174631,8.48721436873714,20.0408139464655,1.04700664365908e-10,3.85980734662458e-10,"STAT5A"
"Endogenous_OSCAR_NM_130771.3","Endogenous","OSCAR","NM_130771.3",FALSE,NA,-0.189552475267314,0.0598048503576569,0.249357325624971,1.30297194467158,1.11341946940427,5.22927430016307,20.0367456737484,1.05128963256749e-10,3.85980734662458e-10,"OSCAR"
"Endogenous_STAT6_NM_003153.3","Endogenous","STAT6","NM_003153.3",FALSE,NA,-0.139934783585021,-0.13428942429799,0.00564535928703158,0.567129884081766,0.427195100496744,9.75392662854286,19.894431196503,1.21286315625322e-10,4.43161537861754e-10,"STAT6"
"Endogenous_C1QC_NM_001114101.1","Endogenous","C1QC","NM_001114101.1",FALSE,NA,-0.330574658724101,0.26948578661225,0.600060445336352,1.91699795359963,1.58642329487553,8.73702269413048,19.5464025709185,1.7227385263804e-10,6.26450373229236e-10,"C1QC"
"Endogenous_FLT1_NM_002019.4","Endogenous","FLT1","NM_002019.4",FALSE,NA,0.572018730871903,-0.00267317905903575,-0.574691909930939,-1.65437626683644,-1.08235753596454,5.57114550477631,19.4049921969878,1.98782073450207e-10,7.19401789629321e-10,"FLT1"
"Endogenous_CEBPB_NM_005194.2","Endogenous","CEBPB","NM_005194.2",FALSE,NA,-0.133915335373233,-0.735130114332604,-0.60121477895937,-0.302115438060111,-0.436030773433345,9.25086265249085,19.3978921996011,2.00217306587558e-10,7.21161862590255e-10,"CEBPB"
"Endogenous_MS4A1_NM_152866.2","Endogenous","MS4A1","NM_152866.2",FALSE,NA,0.239129975791926,1.81950478148798,1.58037480569605,1.75652085749796,1.99565083328989,4.36676287451614,19.3707141821648,2.05809118259031e-10,7.37806273004075e-10,"MS4A1"
"Endogenous_CDH13_NM_001220488.1","Endogenous","CDH13","NM_001220488.1",FALSE,NA,0.495700807820682,-0.42722191557947,-0.922922723400152,-0.534689539801986,-0.0389887319813038,6.84548375322688,19.3312020382734,2.14222770476023e-10,7.64362936909754e-10,"CDH13"
"Endogenous_IL15RA_NM_002189.3","Endogenous","IL15RA","NM_002189.3",FALSE,NA,-0.112097847092113,0.329563947349747,0.441661794441861,1.24522348897362,1.1331256418815,5.34910128470442,19.2439628165979,2.34057653780721e-10,8.31232789127793e-10,"IL15RA"
"Endogenous_ELOVL6_NM_001130721.1","Endogenous","ELOVL6","NM_001130721.1",FALSE,NA,-0.0750763116904629,-0.53090213761511,-0.455825825924647,-1.21434777570336,-1.28942408739383,5.59586626198641,19.0123141473259,2.9627132856453e-10,1.04728469632113e-09,"ELOVL6"
"Endogenous_TSPAN7_NM_004615.3","Endogenous","TSPAN7","NM_004615.3",FALSE,NA,0.299339203732264,0.401421531168149,0.102082327435885,-0.96009201264007,-0.660752808907806,6.78526335196753,18.8940918632445,3.34251508496461e-10,1.17607012248755e-09,"TSPAN7"
"Endogenous_LTB4R_NM_181657.3","Endogenous","LTB4R","NM_181657.3",FALSE,NA,-0.598377802827343,-0.547151172011294,0.0512266308160498,1.38698919555545,0.788611392728108,8.86248872757448,18.87024218452,3.42493728251856e-10,1.19951720493738e-09,"LTB4R"
"Endogenous_SYK_NM_003177.5","Endogenous","SYK","NM_003177.5",FALSE,NA,0.209257823469763,0.1877632929488,-0.0214945305209628,0.608143223948085,0.817401047417848,7.25300193513862,18.8370366583939,3.54314083781131e-10,1.23522341134706e-09,"SYK"
"Endogenous_TLR8_NM_016610.2","Endogenous","TLR8","NM_016610.2",FALSE,NA,1.22609832663453,1.00385261783301,-0.222245708801515,0.177503023328972,1.4036013499635,4.54551541256754,18.7688615791222,3.79897542443709e-10,1.31836590071789e-09,"TLR8"
"Endogenous_MAN2B1_NM_001173498.1","Endogenous","MAN2B1","NM_001173498.1",FALSE,NA,0.36841877118054,0.448931961215397,0.080513190034857,0.553924627927585,0.922343399108125,8.14998919378891,18.7387515010364,3.91786239256448e-10,1.35344337197682e-09,"MAN2B1"
"Endogenous_FN1_NM_212482.1","Endogenous","FN1","NM_212482.1",FALSE,NA,0.35224242470424,-0.268296875296988,-0.620539300001228,-1.47406213232428,-1.12181970762004,9.00379839614205,18.6576701038636,4.2571354530044e-10,1.46399228248115e-09,"FN1"
"Endogenous_CCL18_NM_002988.2","Endogenous","CCL18","NM_002988.2",FALSE,NA,-0.120001134802358,-0.74847601538991,-0.628474880587552,3.97514025498687,3.85513912018451,9.85606711981444,18.6397779740546,4.33593433669579e-10,1.48437391706703e-09,"CCL18"
"Endogenous_BCL6_NM_001706.2","Endogenous","BCL6","NM_001706.2",FALSE,NA,0.0576381668554937,-0.234115920113529,-0.291754086969023,-0.855299777726673,-0.797661610871179,8.31702245699599,18.60060814199,4.51365157646921e-10,1.53828484220475e-09,"BCL6"
"Endogenous_STAT4_NM_003151.2","Endogenous","STAT4","NM_003151.2",FALSE,NA,-0.0571809786207949,0.833921457298885,0.89110243591968,1.1163058402046,1.0591248615838,5.41773414654193,18.59577839562,4.53607075090456e-10,1.53902400477119e-09,"STAT4"
"Endogenous_LAMB2_NM_002292.3","Endogenous","LAMB2","NM_002292.3",FALSE,NA,0.189251109991383,-0.359343892926884,-0.548595002918267,-0.959462147440835,-0.770211037449452,7.72144227743084,18.5416319551408,4.79528680755418e-10,1.61974132166274e-09,"LAMB2"
"Endogenous_IL15_NM_172174.1","Endogenous","IL15","NM_172174.1",FALSE,NA,-0.143063423115152,0.507293415908252,0.650356839023405,1.14654931902881,1.00348589591366,5.80993923730159,18.5081970826959,4.96281006514093e-10,1.66890957942792e-09,"IL15"
"Endogenous_IRF5_NM_001098627.1","Endogenous","IRF5","NM_001098627.1",FALSE,NA,0.00979668758633867,0.383632051827606,0.373835364241267,0.857525317039779,0.867322004626118,5.99224991612079,18.503062155881,4.98905953070122e-10,1.67034592217309e-09,"IRF5"
"Endogenous_DUSP6_NM_001946.2","Endogenous","DUSP6","NM_001946.2",FALSE,NA,0.263439606392053,0.112411325897971,-0.151028280494082,-1.2184251145152,-0.954985508123143,7.31593162165043,18.4852477202278,5.0812235197277e-10,1.69374117324257e-09,"DUSP6"
"Endogenous_KLRK1_NM_007360.1","Endogenous","KLRK1","NM_007360.1",FALSE,NA,-0.335882152035524,0.902317705800314,1.23819985783584,1.57246700965176,1.23658485761624,6.38885921295862,18.4686626884016,5.16858029210403e-10,1.71533669082928e-09,"KLRK1"
"Endogenous_CCL22_NM_002990.3","Endogenous","CCL22","NM_002990.3",FALSE,NA,-0.790079545886855,-0.0602537464729327,0.729825799413923,3.29135713877955,2.50127759289269,7.33744900972287,18.3580771761005,5.79137019831506e-10,1.91367015248671e-09,"CCL22"
"Endogenous_CCRL2_NM_003965.4","Endogenous","CCRL2","NM_003965.4",FALSE,NA,-0.318583695757,0.156042148909817,0.474625844666817,1.38350770371901,1.06492400796201,4.42326139641601,18.3136015165577,6.0628540711185e-10,1.99470523551951e-09,"CCRL2"
"Endogenous_TYROBP_NM_003332.3","Endogenous","TYROBP","NM_003332.3",FALSE,NA,-0.292440039012876,0.176980467355664,0.46942050636854,1.53904900266561,1.24660896365273,8.98589121762345,18.2226252169079,6.65912725131024e-10,2.18143823749818e-09,"TYROBP"
"Endogenous_NDC80_NM_006101.2","Endogenous","NDC80","NM_006101.2",FALSE,NA,-0.164090195618917,-0.171200980260275,-0.00711078464135717,1.39258591883586,1.22849572321695,4.71906547808711,18.1767862770168,6.98178226289645e-10,2.27731953639541e-09,"NDC80"
"Endogenous_LST1_NM_007161.3","Endogenous","LST1","NM_007161.3",FALSE,NA,-0.376006274709782,0.27904128931086,0.655047564020642,1.40425971839533,1.02825344368554,4.96628447612031,18.1029793980821,7.53500759144391e-10,2.44726742286212e-09,"LST1"
"Endogenous_HDAC6_NM_001321225.1","Endogenous","HDAC6","NM_001321225.1",FALSE,NA,-0.309643973208733,-0.0390340176211472,0.270609955587585,0.66423560296855,0.354591629759817,6.66469384558147,18.0958289287301,7.59091541095126e-10,2.45493434566934e-09,"HDAC6"
"Endogenous_TNFSF10_NM_003810.2","Endogenous","TNFSF10","NM_003810.2",FALSE,NA,-0.314408377135734,-0.00776403452637986,0.306644342609355,1.13676965129007,0.822361274154336,9.34804545349347,18.0230470859858,8.18450579076639e-10,2.63568830550104e-09,"TNFSF10"
"Endogenous_VASP_NM_003370.3","Endogenous","VASP","NM_003370.3",FALSE,NA,-0.106040817111346,0.0794809370237033,0.185521754135049,0.791086320231685,0.685045503120339,8.81010792322113,17.8446874565419,9.84645426550683e-10,3.15751276024692e-09,"VASP"
"Endogenous_IER3_NM_003897.3","Endogenous","IER3","NM_003897.3",FALSE,NA,-0.611219970861392,-0.163880243211141,0.447339727650252,1.87437063898028,1.26315066811889,7.89332864383534,17.6928024521758,1.15299129565081e-09,3.68182094409501e-09,"IER3"
"Endogenous_SESN1_NM_014454.2","Endogenous","SESN1","NM_014454.2",FALSE,NA,-0.160076294774544,0.12165749328668,0.281733788061223,-1.16663438751159,-1.32671068228613,4.17779352194827,17.6132785897101,1.25250722353324e-09,3.98286815851574e-09,"SESN1"
"Endogenous_KIR3DL2_NM_006737.2","Endogenous","KIR3DL2","NM_006737.2",FALSE,NA,0.0824759991183379,1.11088407405228,1.02840807493394,2.18254302056727,2.26501901968561,3.92899757662972,17.5000927947724,1.40938852550435e-09,4.46306366409712e-09,"KIR3DL2"
"Endogenous_EZH2_NM_001203247.1","Endogenous","EZH2","NM_001203247.1",FALSE,NA,-0.0995605924833054,-0.111947711916756,-0.0123871194334502,0.910393616471753,0.810833023988447,7.04531013054021,17.4117354851199,1.54561738092336e-09,4.87093079214734e-09,"EZH2"
"Endogenous_IL33_NM_033439.2","Endogenous","IL33","NM_033439.2",FALSE,NA,0.108643781721499,-0.154259526525059,-0.262903308246558,-1.16296239653091,-1.05431861480941,7.36287232008172,17.4055015394513,1.55571939711267e-09,4.87093079214734e-09,"IL33"
"Endogenous_NFATC1_NM_172389.1","Endogenous","NFATC1","NM_172389.1",FALSE,NA,0.708110670259762,0.453951555437357,-0.254159114822405,-0.520986386150445,0.187124284109317,5.77780523862691,17.4044585800231,1.55741602959448e-09,4.87093079214734e-09,"NFATC1"
"Endogenous_IFNG_NM_000619.2","Endogenous","IFNG","NM_000619.2",FALSE,NA,0.209767870731856,1.29419279755646,1.0844249268246,1.75277234262856,1.96254021336041,3.42871752853669,17.373725565059,1.60826300589108e-09,5.00415591163713e-09,"IFNG"
"Endogenous_RICTOR_NM_152756.3","Endogenous","RICTOR","NM_152756.3",FALSE,NA,0.284377800779355,0.429005525472097,0.144627724692742,-0.403863692781146,-0.119485892001791,6.75707740565062,17.3692407558765,1.61582262528692e-09,5.00415591163713e-09,"RICTOR"
"Endogenous_HLA-DPB1_NM_002121.4","Endogenous","HLA-DPB1","NM_002121.4",FALSE,NA,0.038576147488472,0.698141131721965,0.659564984233493,1.23186719010126,1.27044333758973,10.9871157135779,17.3669096086182,1.61976625560886e-09,5.00415591163713e-09,"HLA-DPB1"
"Endogenous_SIGLEC1_NM_023068.3","Endogenous","SIGLEC1","NM_023068.3",FALSE,NA,-0.346876717258647,0.265630503501352,0.612507220759999,1.44347164761652,1.09659493035787,7.66530763132327,17.3400175298301,1.66597259420667e-09,5.12606952063589e-09,"SIGLEC1"
"Endogenous_CD180_NM_005582.2","Endogenous","CD180","NM_005582.2",FALSE,NA,-0.417089839371229,-0.259117626903214,0.157972212468015,1.5704063244034,1.15331648503217,4.24866375932027,17.3139456784845,1.71204703329106e-09,5.24659574718229e-09,"CD180"
"Endogenous_NFIL3_NM_005384.2","Endogenous","NFIL3","NM_005384.2",FALSE,NA,0.525615765778585,0.0633693955716339,-0.462246370206951,-1.39706039441812,-0.871444628639531,6.61769066233929,17.2604841161609,1.81061198369993e-09,5.52005503050827e-09,"NFIL3"
"Endogenous_ARHGEF28_NM_001080479.2","Endogenous","ARHGEF28","NM_001080479.2",FALSE,NA,0.278887842889133,-0.125100365226534,-0.403988208115667,-1.47549252170402,-1.19660467881489,6.78210878483861,17.2577485805205,1.81580757582509e-09,5.52005503050827e-09,"ARHGEF28"
"Endogenous_CYBB_NM_000397.3","Endogenous","CYBB","NM_000397.3",FALSE,NA,0.251093247298144,0.732742520745176,0.481649273447032,1.36348367539224,1.61457692269038,8.19243898716252,17.1754949680585,1.97930666571523e-09,5.99311978463575e-09,"CYBB"
"Endogenous_IL23A_NM_016584.2","Endogenous","IL23A","NM_016584.2",FALSE,NA,-0.0739097467765846,0.584249911775905,0.658159658552489,1.31011861362047,1.23620886684388,3.18382071181217,17.0962206849376,2.15102706795861e-09,6.48722449066883e-09,"IL23A"
"Endogenous_NECTIN2_NM_001042724.1","Endogenous","NECTIN2","NM_001042724.1",FALSE,NA,-0.496143297990105,-0.524609690228299,-0.0284663922381947,0.474316833543802,-0.0218264644463027,7.77948167283331,17.0637701467124,2.22561292433238e-09,6.68563566202613e-09,"NECTIN2"
"Endogenous_AOAH_NM_001637.3","Endogenous","AOAH","NM_001637.3",FALSE,NA,-0.385478838040892,0.439183953787346,0.824662791828238,1.41710212365633,1.03162328561543,5.26306899957412,16.9554749509772,2.49406625701474e-09,7.46256045405986e-09,"AOAH"
"Endogenous_LAMP3_NM_014398.3","Endogenous","LAMP3","NM_014398.3",FALSE,NA,-0.16722406043863,0.711981652770608,0.879205713209238,1.76300199927195,1.59577793883332,6.72024798984933,16.8239633963993,2.86472292794929e-09,8.53799774604494e-09,"LAMP3"
"Endogenous_CCL4_NM_002984.2","Endogenous","CCL4","NM_002984.2",FALSE,NA,-0.078472189267945,1.02827137016373,1.10674355943168,1.42414975155789,1.34567756228994,5.72309611176033,16.6882787890276,3.30595895987982e-09,9.81456566214322e-09,"CCL4"
"Endogenous_MCM5_NM_006739.3","Endogenous","MCM5","NM_006739.3",FALSE,NA,0.594710350308596,0.24810786231721,-0.346602487991386,0.150316765720935,0.74502711602953,6.18330122362617,16.6769737430034,3.34570092451732e-09,9.89390156666602e-09,"MCM5"
"Endogenous_EN1_NM_001426.3","Endogenous","EN1","NM_001426.3",FALSE,NA,0.138616266870948,-0.32197822494482,-0.460594491815768,-1.69898322934069,-1.56036696246974,6.12178745128525,16.5785833799153,3.71272675229375e-09,1.09367144641211e-08,"EN1"
"Endogenous_TNFSF9_NM_003811.3","Endogenous","TNFSF9","NM_003811.3",FALSE,NA,-0.19544412128865,0.15631561070599,0.35175973199464,1.4028002842662,1.20735616297755,4.73663823831313,16.5041794306994,4.01721293801631e-09,1.17879607447583e-08,"TNFSF9"
"Endogenous_ARHGEF6_NM_004840.2","Endogenous","ARHGEF6","NM_004840.2",FALSE,NA,0.191626829473365,0.70879187066682,0.517165041193455,0.0878002653866004,0.279427094859965,7.1278250486271,16.4982296330465,4.04262987290454e-09,1.18169180900286e-08,"ARHGEF6"
"Endogenous_NR2F6_NM_005234.3","Endogenous","NR2F6","NM_005234.3",FALSE,NA,-0.833797716938845,-0.87135884197149,-0.0375611250326449,0.573109828515985,-0.26068788842286,7.62126902990823,16.4597583833713,4.21096212525406e-09,1.22618054221957e-08,"NR2F6"
"Endogenous_CD40_NM_001250.4","Endogenous","CD40","NM_001250.4",FALSE,NA,-0.319043723562653,0.30452998406705,0.623573707629703,0.982047849465176,0.663004125902523,6.67823643133945,16.4117815266637,4.43089495545675e-09,1.2852977733386e-08,"CD40"
"Endogenous_TNFSF11_NM_003701.2","Endogenous","TNFSF11","NM_003701.2",FALSE,NA,-0.567794756875015,0.141656724036858,0.709451480911873,1.68881239686963,1.12101763999461,4.75560510542286,16.3777537574519,4.59391875856489e-09,1.32752024962331e-08,"TNFSF11"
"Endogenous_RAF1_NM_002880.2","Endogenous","RAF1","NM_002880.2",FALSE,NA,-0.217964993646294,-0.368790207992752,-0.150825214346458,-0.257845953576256,-0.475810947222549,7.64383562761464,16.3177312229713,4.89647130977604e-09,1.40959022554159e-08,"RAF1"
"Endogenous_TGFBR3_NM_003243.3","Endogenous","TGFBR3","NM_003243.3",FALSE,NA,-0.284621550201136,-0.682227103486333,-0.397605553285197,-0.854487113070896,-1.13910866327203,7.89484900886615,16.3013544643002,4.98247952453448e-09,1.42893752401743e-08,"TGFBR3"
"Endogenous_GPR183_NM_004951.3","Endogenous","GPR183","NM_004951.3",FALSE,NA,0.733630059951202,0.962103607657037,0.228473547705835,-0.0798244373614398,0.653805622589762,6.44667942417594,16.264304332561,5.18276392561224e-09,1.48078969303207e-08,"GPR183"
"Endogenous_MAPK14_NM_001315.2","Endogenous","MAPK14","NM_001315.2",FALSE,NA,0.0132292928787523,-0.22593176471698,-0.239161057595732,-0.632527216713729,-0.619297923834977,7.84940268770221,16.2511621085926,5.25575487680942e-09,1.49184365985229e-08,"MAPK14"
"Endogenous_ELL2_NM_012081.5","Endogenous","ELL2","NM_012081.5",FALSE,NA,-1.14358786960461,-0.908232322780899,0.235355546823715,0.746638116155813,-0.396949753448801,7.27635854950746,16.2502763192941,5.26071185316335e-09,1.49184365985229e-08,"ELL2"
"Endogenous_PBX1_NM_002585.2","Endogenous","PBX1","NM_002585.2",FALSE,NA,-0.0342158755475808,-0.458845244624423,-0.424629369076842,-0.934168195343505,-0.968384070891085,7.60089568907181,16.1946476500594,5.58171495256307e-09,1.57699009812191e-08,"PBX1"
"Endogenous_CNKSR1_NM_006314.2","Endogenous","CNKSR1","NM_006314.2",FALSE,NA,-0.26780875056023,-0.665962620370364,-0.398153869810134,-0.785421178511372,-1.0532299290716,5.38135791166358,16.1054861590978,6.13824142078842e-09,1.72780128881452e-08,"CNKSR1"
"Endogenous_CD38_NM_001775.2","Endogenous","CD38","NM_001775.2",FALSE,NA,-0.0987876975870483,0.694421211774976,0.793208909362025,1.8975060954107,1.79871839782365,3.32902626659248,16.069326686892,6.37969953954505e-09,1.78361958265657e-08,"CD38"
"Endogenous_ETS1_NM_005238.3","Endogenous","ETS1","NM_005238.3",FALSE,NA,0.63008897094645,0.963849308688267,0.333760337741817,0.101061009518794,0.731149980465244,7.11525172867804,16.0687715642832,6.38348061161298e-09,1.78361958265657e-08,"ETS1"
"Endogenous_TERF2IP_NM_018975.2","Endogenous","TERF2IP","NM_018975.2",FALSE,NA,0.0990433103051789,0.182651459125491,0.0836081488203124,-0.3141747170386,-0.215131406733422,8.24773830926084,15.9869081506505,6.96672761825878e-09,1.93945530764713e-08,"TERF2IP"
"Endogenous_CXCL10_NM_001565.3","Endogenous","CXCL10","NM_001565.3",FALSE,NA,-0.458701946576332,1.42053051737858,1.87923246395491,3.45820431858144,2.99950237200511,5.54968232358434,15.9675451318567,7.11241902134315e-09,1.97278775774482e-08,"CXCL10"
"Endogenous_TNFAIP8_NM_001077654.1","Endogenous","TNFAIP8","NM_001077654.1",FALSE,NA,0.0943570916426779,0.387278485182759,0.292921393540081,0.675588078417639,0.769945170060317,7.65631682245971,15.9023495014699,7.62609332290819e-09,2.10757488196735e-08,"TNFAIP8"
"Endogenous_LTA4H_NM_001256643.1","Endogenous","LTA4H","NM_001256643.1",FALSE,NA,0.282783260759616,-0.0513365988300345,-0.33411985958965,-1.02841743375058,-0.745634172990967,7.3690877067794,15.8826797372372,7.78834726049905e-09,2.1446173615867e-08,"LTA4H"
"Endogenous_NRIP3_NM_020645.2","Endogenous","NRIP3","NM_020645.2",FALSE,NA,0.536588326059873,0.657845761917528,0.121257435857655,0.878357377974483,1.41494570403436,4.26892908963164,15.8749600428437,7.852979632705e-09,2.15460813027285e-08,"NRIP3"
"Endogenous_CCR6_NM_031409.2","Endogenous","CCR6","NM_031409.2",FALSE,NA,0.17026674416033,1.15713131051117,0.986864566350838,0.710503428829498,0.880770172989829,5.06844696851113,15.810952769273,8.41028525829171e-09,2.29921467492867e-08,"CCR6"
"Endogenous_CCL28_NM_148672.2","Endogenous","CCL28","NM_148672.2",FALSE,NA,-0.276114650379403,-0.249924116839541,0.0261905335398618,-1.03965461881696,-1.31576926919637,5.54956754547021,15.8032374263514,8.48011924499521e-09,2.30999664021375e-08,"CCL28"
"Endogenous_ISG15_NM_005101.3","Endogenous","ISG15","NM_005101.3",FALSE,NA,0.397598829995019,1.13115522722229,0.733556397227269,1.4329283715445,1.83052720153952,6.94386613501677,15.5962393423663,1.05905222743837e-08,2.87457033161844e-08,"ISG15"
"Endogenous_LTB4R2_NM_019839.4","Endogenous","LTB4R2","NM_019839.4",FALSE,NA,-0.718581901336412,-0.67422526608387,0.0443566352525426,0.977864854796826,0.259282953460414,9.30478579244531,15.5762100051723,1.08211444458823e-08,2.92671522379736e-08,"LTB4R2"
"Endogenous_IL18R1_NM_003855.3","Endogenous","IL18R1","NM_003855.3",FALSE,NA,-0.514642606404847,0.247289920940322,0.761932527345169,0.768288341482062,0.253645735077215,5.27194545033489,15.5171698845966,1.1531041827813e-08,3.10765666281484e-08,"IL18R1"
"Endogenous_VWA5A_NM_001130142.1","Endogenous","VWA5A","NM_001130142.1",FALSE,NA,0.134508777914399,0.0744973615248412,-0.0600114163895578,-1.07166026197327,-0.937151484058868,6.23100014067889,15.4828545439245,1.19651866078437e-08,3.21156645441306e-08,"VWA5A"
"Endogenous_ICOSLG_NM_015259.5","Endogenous","ICOSLG","NM_015259.5",FALSE,NA,-0.3303342679133,0.132750236001841,0.463084503915141,0.789703576811857,0.459369308898557,6.58197129898629,15.4800714220086,1.20011167507014e-08,3.21156645441306e-08,"ICOSLG"
"Endogenous_CTSA_NM_001127695.1","Endogenous","CTSA","NM_001127695.1",FALSE,NA,0.0222750075707374,-0.443777160210713,-0.46605216778145,-0.0663135497919267,-0.0440385422211893,8.92645044818392,15.4718964158275,1.21072906421769e-08,3.22861083791385e-08,"CTSA"
"Endogenous_INSR_NM_000208.2","Endogenous","INSR","NM_000208.2",FALSE,NA,0.377206907270526,-0.183284698003279,-0.560491605273805,-0.828239468291615,-0.451032561021089,6.46900928857811,15.4631231238562,1.22222956349744e-08,3.24788275614705e-08,"INSR"
"Endogenous_VEGFC_NM_005429.2","Endogenous","VEGFC","NM_005429.2",FALSE,NA,0.47364398539428,0.322817597989645,-0.150826387404635,-0.877911542181817,-0.404267556787537,5.46829356983115,15.4345197056925,1.26050014420827e-08,3.33790978954107e-08,"VEGFC"
"Endogenous_ICAM1_NM_000201.2","Endogenous","ICAM1","NM_000201.2",FALSE,NA,-0.257100029820519,0.2583438451753,0.515443874995818,1.47174800885802,1.2146479790375,7.48039397072816,15.3928383799535,1.31845744576945e-08,3.47926270411383e-08,"ICAM1"
"Endogenous_PFDN6_NM_014260.2","Endogenous","PFDN6","NM_014260.2",FALSE,NA,-0.302963232055268,-0.433100202933115,-0.130136970877847,0.142576571616211,-0.160386660439057,7.74792998809388,15.3287699832354,1.41286479416204e-08,3.71549219226004e-08,"PFDN6"
"Endogenous_FGF2_NM_002006.4","Endogenous","FGF2","NM_002006.4",FALSE,NA,0.281381924494712,-0.0908308932899233,-0.372212817784635,-1.32747542316103,-1.04609349866631,5.74157193131808,15.2541028926297,1.53158964072759e-08,4.01382112742403e-08,"FGF2"
"Endogenous_ITGB1_NM_002211.3","Endogenous","ITGB1","NM_002211.3",FALSE,NA,0.0336621620549025,-0.345804194487028,-0.379466356541931,-0.856778400782021,-0.823116238727119,9.82580589054863,15.201878007702,1.62060359650097e-08,4.23250423828433e-08,"ITGB1"
"Endogenous_TIMP3_NM_000362.4","Endogenous","TIMP3","NM_000362.4",FALSE,NA,0.336319696757057,-0.322646312502002,-0.658966009259059,-1.77529025883647,-1.43897056207941,10.1090708198364,15.1252656695625,1.76077990960382e-08,4.58285181951678e-08,"TIMP3"
"Endogenous_BTG2_NM_006763.2","Endogenous","BTG2","NM_006763.2",FALSE,NA,0.054899913429475,0.442594469111314,0.387694555681839,-0.452060049559444,-0.397160136129969,7.94560154483032,15.1023794366119,1.80499617374772e-08,4.68190133804869e-08,"BTG2"
"Endogenous_COL17A1_NM_000494.3","Endogenous","COL17A1","NM_000494.3",FALSE,NA,0.604054307432902,-0.0468162280681614,-0.650870535501063,-1.34441828701009,-0.740363979577184,10.3344511216729,15.018089154105,1.97779292971355e-08,5.11266199517789e-08,"COL17A1"
"Endogenous_ADAMTS1_NM_006988.3","Endogenous","ADAMTS1","NM_006988.3",FALSE,NA,-0.165484375005322,-0.737177679031558,-0.571693304026236,-1.40450946895646,-1.56999384396178,7.19250451441775,14.9875032243822,2.04456736857493e-08,5.26736000039642e-08,"ADAMTS1"
"Endogenous_VCAM1_NM_001078.3","Endogenous","VCAM1","NM_001078.3",FALSE,NA,0.0661038659903008,0.830380901629185,0.764277035638884,1.07440035584256,1.14050422183286,7.34286828972101,14.874964942788,2.31058335348913e-08,5.93257888058021e-08,"VCAM1"
"Endogenous_MMP12_NM_002426.3","Endogenous","MMP12","NM_002426.3",FALSE,NA,0.00109397933177124,0.33191982051079,0.330825841179019,3.96026413427195,3.96135811360372,5.97107835995133,14.6678052849134,2.89571508410382e-08,7.40991065292559e-08,"MMP12"
"Endogenous_CXCR4_NM_003467.2","Endogenous","CXCR4","NM_003467.2",FALSE,NA,0.0898660632506889,1.10449763923259,1.0146315759819,0.844196658569652,0.934062721820341,8.13276288138327,14.6206923840474,3.04857287850971e-08,7.77488385123281e-08,"CXCR4"
"Endogenous_TWIST1_NM_000474.3","Endogenous","TWIST1","NM_000474.3",FALSE,NA,-0.0181699903866912,-0.0444333629278315,-0.0262633725411403,1.32584479928753,1.30767480890084,6.69046498592189,14.6172167394852,3.06016883524883e-08,7.77835556785655e-08,"TWIST1"
"Endogenous_PRKCA_NM_002737.2","Endogenous","PRKCA","NM_002737.2",FALSE,NA,-0.629996860635721,-0.0938866131427911,0.53611024749293,0.47942294864139,-0.150573911994331,6.138411770111,14.590225686079,3.15175731649031e-08,7.98445186844212e-08,"PRKCA"
"Endogenous_LRP6_NM_002336.1","Endogenous","LRP6","NM_002336.1",FALSE,NA,0.346183345033839,-0.120401485023583,-0.466584830057422,-0.861603005469902,-0.515419660436064,6.14271289736533,14.5482600895221,3.29971682178813e-08,8.33151091215607e-08,"LRP6"
"Endogenous_PROS1_NM_000313.1","Endogenous","PROS1","NM_000313.1",FALSE,NA,-0.163993123333468,-0.469030811614364,-0.305037688280896,-0.803818786294466,-0.967811909627934,7.65465000291624,14.535430894032,3.34634132352763e-08,8.42125631086424e-08,"PROS1"
"Endogenous_ALOX5_NM_000698.2","Endogenous","ALOX5","NM_000698.2",FALSE,NA,-0.08532837798594,0.409321766110776,0.494650144096716,1.00845931266012,0.923130934674176,7.8508843212609,14.3650213193992,4.03301700417618e-08,1.01158182282967e-07,"ALOX5"
"Endogenous_IL6R_NM_000565.2","Endogenous","IL6R","NM_000565.2",FALSE,NA,0.181160141051765,0.46044400463547,0.279283863583704,0.56859404516588,0.749754186217645,6.45127022416241,14.3165960054533,4.25309796151038e-08,1.06327449037759e-07,"IL6R"
"Endogenous_IL3RA_NM_001267713.1","Endogenous","IL3RA","NM_001267713.1",FALSE,NA,0.0374938984691475,0.37573656333609,0.338242664866943,1.02116101758911,1.05865491605826,6.01813600424662,14.2943987399445,4.35801479524667e-08,1.08593155553687e-07,"IL3RA"
"Endogenous_NOX4_NM_001143836.2","Endogenous","NOX4","NM_001143836.2",FALSE,NA,1.00098990879032,0.644157208821299,-0.356832699969018,-1.22833198615471,-0.227342077364392,3.63286690144138,14.267160431164,4.490354955763e-08,1.11525155764048e-07,"NOX4"
"Endogenous_TMEM173_NM_198282.1","Endogenous","TMEM173","NM_198282.1",FALSE,NA,0.0170865598830847,0.326787819960479,0.309701260077395,0.836195131735848,0.853281691618933,8.44452737924226,14.2611683775421,4.52001100625887e-08,1.11896037939959e-07,"TMEM173"
"Endogenous_KIT_NM_000222.2","Endogenous","KIT","NM_000222.2",FALSE,NA,0.239651796101651,-0.0172684630336857,-0.256920259135336,-1.52974747064892,-1.29009567454727,6.03533830781929,14.2233791687521,4.71167304340292e-08,1.16262062109942e-07,"KIT"
"Endogenous_DAXX_NM_001350.3","Endogenous","DAXX","NM_001350.3",FALSE,NA,-0.107032268653376,0.145270573871742,0.252302842525118,0.532075389433,0.425043120779623,7.63901462006088,14.1117428572205,5.32745680779978e-08,1.31031300127114e-07,"DAXX"
"Endogenous_VRK2_NM_006296.3","Endogenous","VRK2","NM_006296.3",FALSE,NA,-0.434681557481669,-0.0984318347889701,0.336249722692699,0.543198350490159,0.10851679300849,6.93155553576626,14.0860069282915,5.48064053687515e-08,1.34364090581455e-07,"VRK2"
"Endogenous_TLR6_NM_006068.2","Endogenous","TLR6","NM_006068.2",FALSE,NA,0.383855658850024,0.637790000508914,0.25393434165889,0.319821648340678,0.703677307190702,5.40839921844133,13.9810518063095,6.15307130235035e-08,1.50364443401488e-07,"TLR6"
"Endogenous_ITGAX_NM_000887.3","Endogenous","ITGAX","NM_000887.3",FALSE,NA,0.170753720071203,0.339086336291186,0.168332616219983,1.66632575421199,1.8370794742832,7.13197565469517,13.9640189137537,6.26984256955532e-08,1.52726934386604e-07,"ITGAX"
"Endogenous_TTK_NM_003318.3","Endogenous","TTK","NM_003318.3",FALSE,NA,0.0787001216884091,-0.496043116982133,-0.574743238670542,0.457587813637962,0.536287935326371,5.14765233706741,13.940952584245,6.43157024667991e-08,1.56165922922579e-07,"TTK"
"Endogenous_NR4A1_NM_173157.1","Endogenous","NR4A1","NM_173157.1",FALSE,NA,0.210603040370031,0.205857818806566,-0.00474522156346513,-2.0223380952297,-1.81173505485967,5.52529300268076,13.9175386881584,6.60006581356112e-08,1.59746815869632e-07,"NR4A1"
"Endogenous_PTGS1_NM_000962.2","Endogenous","PTGS1","NM_000962.2",FALSE,NA,0.0340657497085219,-0.715144103508248,-0.74920985321677,-1.13868663520942,-1.10462088550089,7.91233839235883,13.9028560455512,6.70800603546285e-08,1.61843955141326e-07,"PTGS1"
"Endogenous_PDCD1LG2_NM_025239.3","Endogenous","PDCD1LG2","NM_025239.3",FALSE,NA,1.08170164971349,1.05682090645176,-0.0248807432617246,-0.36824369851332,0.713457951200168,5.71053011315292,13.8576698226837,7.05156706182356e-08,1.69594650853984e-07,"PDCD1LG2"
"Endogenous_ACLY_NM_001096.2","Endogenous","ACLY","NM_001096.2",FALSE,NA,-0.0468566622787048,-0.262229146949293,-0.215372484670588,-0.671688378841356,-0.718545041120061,8.2124369545722,13.7633639934091,7.82725133074032e-08,1.87654012133605e-07,"ACLY"
"Endogenous_BMP6_NM_001718.2","Endogenous","BMP6","NM_001718.2",FALSE,NA,0.667955238564706,0.0767667218618859,-0.59118851670282,-0.981875136448333,-0.313919897883627,4.58316664689305,13.7605320582886,7.85183892874821e-08,1.87654012133605e-07,"BMP6"
"Endogenous_SKI_NM_003036.2","Endogenous","SKI","NM_003036.2",FALSE,NA,0.0722184105584063,-0.087926438315197,-0.160144848873603,-0.529223160562651,-0.457004750004245,9.32989954245408,13.7519813322478,7.9265551230641e-08,1.88845827383345e-07,"SKI"
"Endogenous_PPARG_NM_005037.5","Endogenous","PPARG","NM_005037.5",FALSE,NA,0.179884908225623,-0.247746828167983,-0.427631736393606,-1.37794434237406,-1.19805943414844,4.7991364766317,13.7106449215412,8.29805458841989e-08,1.97078796474972e-07,"PPARG"
"Endogenous_FLT3_NM_004119.2","Endogenous","FLT3","NM_004119.2",FALSE,NA,0.149622602463054,0.838435405222845,0.688812802759791,0.938148164858445,1.0877707673215,5.18871557358805,13.6867461704002,8.52084847174275e-08,2.01739714595778e-07,"FLT3"
"Endogenous_TNFRSF12A_NM_016639.1","Endogenous","TNFRSF12A","NM_016639.1",FALSE,NA,0.0510812685588276,0.0336418080818381,-0.0174394604769894,1.58267768315039,1.63375895170922,5.23703003083909,13.6788268095665,8.59600707217927e-08,2.02887123442741e-07,"TNFRSF12A"
"Endogenous_IKZF2_NM_001079526.1","Endogenous","IKZF2","NM_001079526.1",FALSE,NA,-0.478332978419481,0.261317335225413,0.739650313644894,0.525800014248284,0.0474670358288023,7.99370384052569,13.5533060105035,9.88125487367379e-08,2.32500114674677e-07,"IKZF2"
"Endogenous_NFKB1_NM_003998.2","Endogenous","NFKB1","NM_003998.2",FALSE,NA,0.63633295084188,0.250539436448647,-0.385793514393233,-0.661418492475865,-0.0250855416339846,6.07129740146617,13.3552019123438,1.23188729064495e-07,2.88961216324124e-07,"NFKB1"
"Endogenous_ID2_NM_002166.4","Endogenous","ID2","NM_002166.4",FALSE,NA,0.239318191729071,0.622373624679058,0.383055432949988,-0.158920935297688,0.0803972564313824,7.78219635884045,13.345210102787,1.24568694025968e-07,2.9129909987611e-07,"ID2"
"Endogenous_TLR10_NM_030956.2","Endogenous","TLR10","NM_030956.2",FALSE,NA,0.574075803083225,0.837020975844802,0.262945172761576,0.925183417606607,1.49925922068983,4.00878419892016,13.3245815907183,1.27467512120073e-07,2.97163525187901e-07,"TLR10"
"Endogenous_MAP2K3_NM_145109.1","Endogenous","MAP2K3","NM_145109.1",FALSE,NA,0.0959057452432104,-0.185643650571603,-0.281549395814813,0.380763563310158,0.476669308553369,8.01364966187714,13.2986228052565,1.31212844744196e-07,3.04959516836664e-07,"MAP2K3"
"Endogenous_CYR61_NM_001554.3","Endogenous","CYR61","NM_001554.3",FALSE,NA,-0.126717779235999,-0.275127577054114,-0.148409797818115,-2.08895235869979,-2.21567013793579,8.94825321882729,13.2840383533005,1.33365878256806e-07,3.09018498399916e-07,"CYR61"
"Endogenous_TLR4_NM_138554.2","Endogenous","TLR4","NM_138554.2",FALSE,NA,0.883530941307417,0.604974944966627,-0.27855599634079,-0.421523486242778,0.462007455064639,6.5460945198136,13.2761916649744,1.34539041549271e-07,3.10789275311386e-07,"TLR4"
"Endogenous_RGS1_NM_002922.3","Endogenous","RGS1","NM_002922.3",FALSE,NA,0.319005708777576,1.30000576780471,0.981000059027134,0.123956384311924,0.4429620930895,6.28578423464587,13.1809939969523,1.49634899739761e-07,3.4419923138275e-07,"RGS1"
"Endogenous_PROK2_NM_021935.3","Endogenous","PROK2","NM_021935.3",FALSE,NA,1.1755643949248,0.657994993752416,-0.517569401172385,0.225894206357066,1.40145860128187,3.73948028306064,13.1793640043784,1.49907823141698e-07,3.4419923138275e-07,"PROK2"
"Endogenous_MX1_NM_002462.2","Endogenous","MX1","NM_002462.2",FALSE,NA,0.0146777065393398,0.933786238247652,0.919108531708313,1.40952175779373,1.42419946433307,9.04310023613447,13.1748887509209,1.50659752105663e-07,3.44883769880432e-07,"MX1"
"Endogenous_NAMPT_NM_005746.2","Endogenous","NAMPT","NM_005746.2",FALSE,NA,-0.382559051516724,-0.82636700557295,-0.443807954056226,0.700974735573425,0.318415684056701,9.60457325807532,13.1083265740745,1.62306150023722e-07,3.7042845050459e-07,"NAMPT"
"Endogenous_IFNAR1_NM_000629.2","Endogenous","IFNAR1","NM_000629.2",FALSE,NA,-0.0310167146183167,-0.320373079239152,-0.289356364620835,-0.575028299730629,-0.606045014348946,7.77569676283014,13.0700531223388,1.69412344410802e-07,3.85489166922784e-07,"IFNAR1"
"Endogenous_FCGR1A_NM_000566.3","Endogenous","FCGR1A","NM_000566.3",FALSE,NA,0.0291179422844605,0.519610086569311,0.49049214428485,2.04196593092772,2.07108387321218,4.56460213303823,12.995172801239,1.84241822244947e-07,4.1703150380481e-07,"FCGR1A"
"Endogenous_CD4_NM_000616.4","Endogenous","CD4","NM_000616.4",FALSE,NA,0.0119673110030956,0.504679665907231,0.492712354904135,0.885453279931708,0.897420590934804,8.24414810532985,12.9940199810353,1.84480143078849e-07,4.1703150380481e-07,"CD4"
"Endogenous_STK17A_NM_004760.2","Endogenous","STK17A","NM_004760.2",FALSE,NA,-0.150164659634206,0.384142281587126,0.534306941221332,0.836127610642577,0.685962951008371,7.45677050207063,12.9903942023992,1.8523173547872e-07,4.1703150380481e-07,"STK17A"
"Endogenous_YES1_NM_005433.3","Endogenous","YES1","NM_005433.3",FALSE,NA,-0.228785766372619,-0.417391014501822,-0.188605248129203,-0.0442340668387171,-0.273019833211336,8.65009369732422,12.989251388825,1.8546927406056e-07,4.1703150380481e-07,"YES1"
"Endogenous_DHRS3_NM_004753.4","Endogenous","DHRS3","NM_004753.4",FALSE,NA,0.157193624073337,-0.466572159566575,-0.623765783639913,-0.631234190173421,-0.474040566100084,8.13361795989681,12.9475547153721,1.94350764555094e-07,4.35712628501095e-07,"DHRS3"
"Endogenous_HMGB1_NM_002128.4","Endogenous","HMGB1","NM_002128.4",FALSE,NA,-0.325769082161277,-0.0513729388891413,0.274396143272136,-0.136733461719571,-0.462502543880848,7.60136777431589,12.8729592839849,2.11330798212864e-07,4.72386490122873e-07,"HMGB1"
"Endogenous_MX2_NM_002463.1","Endogenous","MX2","NM_002463.1",FALSE,NA,-0.0518877186794056,0.656308524071896,0.708196242751302,0.949835085868566,0.89794736718916,7.49811525673422,12.8683176537994,2.12435817573644e-07,4.73463992246245e-07,"MX2"
"Endogenous_SMAD2_NM_005901.5","Endogenous","SMAD2","NM_005901.5",FALSE,NA,-0.110992661754366,-0.19084596847854,-0.0798533067241749,-0.503889893112026,-0.614882554866392,7.98786454658287,12.8293192617492,2.21954670897436e-07,4.93232601994303e-07,"SMAD2"
"Endogenous_DDR2_NM_006182.2","Endogenous","DDR2","NM_006182.2",FALSE,NA,0.0427076450712063,-0.430765113450895,-0.473472758522101,-1.12819461200746,-1.08548696693625,7.40516717244956,12.8048887506545,2.2813706408886e-07,5.0549320322896e-07,"DDR2"
"Endogenous_GZMA_NM_006144.2","Endogenous","GZMA","NM_006144.2",FALSE,NA,0.0772673679895259,0.774216098236595,0.696948730247069,2.10060245547418,2.1778698234637,6.58740242367337,12.7197005665091,2.51094777860895e-07,5.54744276669419e-07,"GZMA"
"Endogenous_CD276_NM_001024736.1","Endogenous","CD276","NM_001024736.1",FALSE,NA,-0.374404699197828,-0.642306668191798,-0.267901968993971,0.266282254435144,-0.108122444762683,7.95900075677288,12.6844837541816,2.61257777567264e-07,5.75524379568465e-07,"CD276"
"Endogenous_SEMA4A_NM_001193300.1","Endogenous","SEMA4A","NM_001193300.1",FALSE,NA,-0.161331826384757,-0.0681891576405613,0.0931426687441954,0.725482985607586,0.564151159222829,7.44172644615423,12.6503329945162,2.71511704001436e-07,5.96384089714137e-07,"SEMA4A"
"Endogenous_RHOG_NM_001665.3","Endogenous","RHOG","NM_001665.3",FALSE,NA,0.0424581012153258,0.140751179583057,0.0982930783677309,0.683213601616598,0.725671702831924,7.26784723607825,12.6270375334961,2.78739631582727e-07,6.09608267793001e-07,"RHOG"
"Endogenous_CXCL13_NM_006419.2","Endogenous","CXCL13","NM_006419.2",FALSE,NA,-0.232516934511794,1.21444020861218,1.44695714312397,2.87359898510074,2.64108205058895,4.84142161888257,12.6232547855539,2.79931599980714e-07,6.09608267793001e-07,"CXCL13"
"Endogenous_AREG_NM_001657.2","Endogenous","AREG","NM_001657.2",FALSE,NA,-0.110972062546772,-0.544438472406497,-0.433466409859726,-1.65697558070429,-1.76794764325106,4.29011946829444,12.6232328296499,2.79938533499681e-07,6.09608267793001e-07,"AREG"
"Endogenous_HAVCR2_NM_032782.3","Endogenous","HAVCR2","NM_032782.3",FALSE,NA,0.114874503890018,0.455379195113,0.340504691222982,1.03639899866882,1.15127350255884,6.16563627389271,12.6058430845018,2.85485169734033e-07,6.1853452880602e-07,"HAVCR2"
"Endogenous_GATA3_NM_001002295.1","Endogenous","GATA3","NM_001002295.1",FALSE,NA,-0.211933148757474,-0.234666172486238,-0.0227330237287635,-1.0567696160737,-1.26870276483117,9.41967533487558,12.6052841383374,2.85665288961728e-07,6.1853452880602e-07,"GATA3"
"Endogenous_C1QB_NM_000491.3","Endogenous","C1QB","NM_000491.3",FALSE,NA,-0.215602405456233,0.200458689008746,0.416061094464979,1.75991338845226,1.54431098299603,8.89398067949201,12.5990106663041,2.87694827342315e-07,6.2115928630727e-07,"C1QB"
"Endogenous_TNC_NM_002160.3","Endogenous","TNC","NM_002160.3",FALSE,NA,0.297461230930291,0.110760251352506,-0.186700979577785,1.76520812722684,2.06266935815713,7.88574878629457,12.5509625381538,3.03731928920497e-07,6.53927099092289e-07,"TNC"
"Endogenous_CCL2_NM_002982.3","Endogenous","CCL2","NM_002982.3",FALSE,NA,-0.681268810064368,-0.351140349688441,0.330128460375927,1.7186612572176,1.03739244715323,7.82353553910187,12.5083518275452,3.18711837949495e-07,6.84240104072361e-07,"CCL2"
"Endogenous_NFYC_NM_001142587.1","Endogenous","NFYC","NM_001142587.1",FALSE,NA,0.331794840343898,0.153733683566616,-0.178061156777282,-0.406537855149618,-0.07474301480572,7.38887528531037,12.4819139724593,3.28380750036552e-07,7.03012309937407e-07,"NFYC"
"Endogenous_FOXO1_NM_002015.3","Endogenous","FOXO1","NM_002015.3",FALSE,NA,0.240284797449817,0.245530666571577,0.00524586912175984,-0.83948776204784,-0.599202964598023,8.30645154721218,12.4605244852408,3.36420766236881e-07,7.18201635786599e-07,"FOXO1"
"Endogenous_FGFR1_NM_015850.3","Endogenous","FGFR1","NM_015850.3",FALSE,NA,0.322953896856884,0.0270424908218914,-0.295911406034993,-0.871628763919743,-0.548674867062859,9.09407066675338,12.4119176088446,3.55442080287105e-07,7.56683420219046e-07,"FGFR1"
"Endogenous_HIVEP1_NM_002114.2","Endogenous","HIVEP1","NM_002114.2",FALSE,NA,-0.142263608901862,0.299150854306082,0.441414463207944,0.334939006364168,0.192675397462306,7.05267567938566,12.3232776253663,3.92985193536602e-07,8.3427024326206e-07,"HIVEP1"
"Endogenous_S100A11_NM_005620.1","Endogenous","S100A11","NM_005620.1",FALSE,NA,-0.0939815736904208,-0.533151000316801,-0.43916942662638,0.19514466616609,0.101163092475669,11.2651187582711,12.3164897643371,3.96020922143556e-07,8.3837298281087e-07,"S100A11"
"Endogenous_CEBPD_NM_005195.3","Endogenous","CEBPD","NM_005195.3",FALSE,NA,-0.0298254823708248,-0.47622927943714,-0.446403797066315,-0.755557663356001,-0.785383145726826,9.9364958088779,12.296435884154,4.05129277690697e-07,8.55272919569248e-07,"CEBPD"
"Endogenous_XCR1_NM_005283.2","Endogenous","XCR1","NM_005283.2",FALSE,NA,0.213805979874365,0.691075264623185,0.47726928474882,0.822129458315737,1.0359354381901,5.58696504861387,12.2679535290272,4.18432336727769e-07,8.80910182584777e-07,"XCR1"
"Endogenous_CD44_NM_001001392.1","Endogenous","CD44","NM_001001392.1",FALSE,NA,0.0847537650350887,-0.0806979529337717,-0.16545171796886,0.484753161033318,0.569506926068406,11.994106594469,12.1709316133253,4.67165773317757e-07,9.80790021330097e-07,"CD44"
"Endogenous_KLK3_NM_001030049.1","Endogenous","KLK3","NM_001030049.1",FALSE,NA,-0.257296087761472,0.171702927515037,0.428999015276508,1.60646808698181,1.34917199922034,3.42688605537522,12.1529451450457,4.76814236514479e-07,9.9828875964464e-07,"KLK3"
"Endogenous_CD36_NM_000072.3","Endogenous","CD36","NM_000072.3",FALSE,NA,0.472846015201929,-0.497407534377027,-0.970253549578956,-1.52847166772972,-1.05562565252779,8.85460319850992,12.1030337094772,5.04660465311552e-07,1.05368668581533e-06,"CD36"
"Endogenous_FZD6_NM_003506.2","Endogenous","FZD6","NM_003506.2",FALSE,NA,-0.259075110696669,-0.332293944248591,-0.0732188335519224,-0.600248852971084,-0.859323963667753,5.72735301247286,12.0981427287872,5.07476454202711e-07,1.05666330190154e-06,"FZD6"
"Endogenous_BOB1_NM_006235.2","Endogenous","BOB1","NM_006235.2",FALSE,NA,0.144375124399819,0.734235811715182,0.589860687315364,1.40186026416233,1.54623538856215,4.73533995379976,12.0707856589798,5.23523819559346e-07,1.08709864170793e-06,"BOB1"
"Endogenous_NDUFA7_NM_005001.2","Endogenous","NDUFA7","NM_005001.2",FALSE,NA,0.218434045584877,-0.14422354074338,-0.362657586328258,-0.401879242331166,-0.183445196746288,7.39312703822031,12.0351628006082,5.45194106670908e-07,1.12781263058394e-06,"NDUFA7"
"Endogenous_ANXA1_NM_000700.1","Endogenous","ANXA1","NM_000700.1",FALSE,NA,-0.105296396052706,-0.382282581211092,-0.276986185158385,-0.857326576510363,-0.96262297256307,10.949060001383,12.0337071002666,5.46098747440646e-07,1.12781263058394e-06,"ANXA1"
"Endogenous_HLA-DRA_NM_019111.3","Endogenous","HLA-DRA","NM_019111.3",FALSE,NA,1.07086030678876,1.02989636900329,-0.0409639377854756,0.074541485432924,1.14540179222169,12.1916187046581,12.0225715660373,5.53069452547402e-07,1.13911323559898e-06,"HLA-DRA"
"Endogenous_ADAMTS14_XM_011539300.1","Endogenous","ADAMTS14","XM_011539300.1",FALSE,NA,-0.429425754165688,-0.19535520474332,0.234070549422368,1.2452668034846,0.815841049318916,4.50391483525618,11.9248596537117,6.18241565823248e-07,1.26990159466397e-06,"ADAMTS14"
"Endogenous_ITGA5_NM_002205.2","Endogenous","ITGA5","NM_002205.2",FALSE,NA,0.382175499155619,-0.193415376875925,-0.575590876031544,-0.753911738769795,-0.371736239614176,7.60290957970632,11.7193445450528,7.81919805082845e-07,1.6017764201158e-06,"ITGA5"
"Endogenous_CSF3R_NM_000760.3","Endogenous","CSF3R","NM_000760.3",FALSE,NA,0.129811857415856,0.303221863355337,0.173410005939481,1.33445205931643,1.46426391673229,5.27337404976606,11.6395411766482,8.5676761053487e-07,1.75038544087769e-06,"CSF3R"
"Endogenous_SMAD1_NM_005900.2","Endogenous","SMAD1","NM_005900.2",FALSE,NA,-0.103661587127211,-0.318419378261783,-0.214757791134573,-0.565338015484596,-0.668999602611807,7.69755222520341,11.4607796682126,1.05191473304361e-06,2.14331152041057e-06,"SMAD1"
"Endogenous_IL23R_NM_144701.2","Endogenous","IL23R","NM_144701.2",FALSE,NA,-0.690029976064317,0.196109821578569,0.886139797642886,1.40163376453943,0.711603788475117,4.25595932574302,11.417475562646,1.10562464090342e-06,2.24672386921551e-06,"IL23R"
"Endogenous_PTPRB_NM_002837.4","Endogenous","PTPRB","NM_002837.4",FALSE,NA,0.263909909878968,-5.80892283430501e-06,-0.263915718801802,-0.868906731372582,-0.604996821493614,6.18886538243033,11.351610911156,1.19270024423046e-06,2.41720582830707e-06,"PTPRB"
"Endogenous_SFRP4_NM_003014.2","Endogenous","SFRP4","NM_003014.2",FALSE,NA,1.0824481625233,0.106451024419041,-0.975997138104262,-1.91737369308472,-0.834925530561416,3.98536945031624,11.3388925555201,1.2102994900214e-06,2.44635003302198e-06,"SFRP4"
"Endogenous_BCL10_NM_003921.2","Endogenous","BCL10","NM_003921.2",FALSE,NA,-0.336643040660446,-0.268438390438604,0.0682046502218423,0.237174344142954,-0.0994686965174925,8.2790724810977,11.2931180903962,1.27584949518861e-06,2.57200428738287e-06,"BCL10"
"Endogenous_IL1R1_NM_001320984.1","Endogenous","IL1R1","NM_001320984.1",FALSE,NA,0.352353292900779,-0.112309311242913,-0.464662604143692,-0.579366855357588,-0.227013562456809,7.29672662687395,11.2804170410365,1.29466782537071e-06,2.60101310443672e-06,"IL1R1"
"Endogenous_CX3CL1_NM_002996.3","Endogenous","CX3CL1","NM_002996.3",FALSE,NA,-0.174239131694202,0.53105921083801,0.705298342532212,0.726022807569518,0.551783675875316,6.27152652291396,11.278799758632,1.29708416655463e-06,2.60101310443672e-06,"CX3CL1"
"Endogenous_ADCYAP1R1_NM_001118.3","Endogenous","ADCYAP1R1","NM_001118.3",FALSE,NA,0.115758258998587,0.0346428533471688,-0.0811154056514187,-1.22069973056047,-1.10494147156189,4.50364997496537,11.2495373038907,1.34160314505519e-06,2.68320629011038e-06,"ADCYAP1R1"
"Endogenous_GOLIM4_NM_014498.3","Endogenous","GOLIM4","NM_014498.3",FALSE,NA,0.132197579780469,-0.0749469741771129,-0.207144553957582,-0.586328716048071,-0.454131136267603,7.88271795802868,11.1428966843855,1.51737580172728e-06,3.02678637614891e-06,"GOLIM4"
"Endogenous_CXCL16_NM_001100812.1","Endogenous","CXCL16","NM_001100812.1",FALSE,NA,-0.26612289564283,-0.0884128314857451,0.177710064157085,0.796886808518963,0.530763912876132,6.92491215033654,11.136194346781,1.52917348336343e-06,3.04233467894295e-06,"CXCL16"
"Endogenous_S100A10_NM_002966.1","Endogenous","S100A10","NM_002966.1",FALSE,NA,0.350130901511726,-0.114610412732601,-0.464741314244327,-0.376432130567066,-0.0263012290553402,11.1702360591396,11.1173237841721,1.56289216530802e-06,3.10130038024568e-06,"S100A10"
"Endogenous_TNFRSF1A_NM_001065.2","Endogenous","TNFRSF1A","NM_001065.2",FALSE,NA,0.0142518317066127,-0.230949777552654,-0.245201609259267,0.102463037339628,0.116714869046241,8.99276781400052,11.0934073017166,1.60671288069056e-06,3.17995257636673e-06,"TNFRSF1A"
"Endogenous_SCIN_NM_033128.3","Endogenous","SCIN","NM_033128.3",FALSE,NA,0.136621011687493,-0.0114443408129872,-0.14806535250048,-1.58180311846322,-1.44518210677573,3.69310508770561,11.0264230236308,1.73619326134827e-06,3.42729059383036e-06,"SCIN"
"Endogenous_SERPINB7_NM_001040147.1","Endogenous","SERPINB7","NM_001040147.1",FALSE,NA,0.100285894481262,-0.538957702237454,-0.639243596718716,-1.36375670961083,-1.26347081512957,8.93954955707062,10.8308999665645,2.17799995127471e-06,4.2882900595046e-06,"SERPINB7"
"Endogenous_CRABP2_NM_001199723.1","Endogenous","CRABP2","NM_001199723.1",FALSE,NA,-0.699497578529643,-0.984270035220895,-0.284772456691252,0.998118024242896,0.298620445713253,9.86844461390315,10.7984289294315,2.26172350130427e-06,4.44162754778099e-06,"CRABP2"
"Endogenous_PTGDR_NM_000953.2","Endogenous","PTGDR","NM_000953.2",FALSE,NA,0.150576067483109,0.788743727576374,0.638167660093266,0.693644913148229,0.844220980631338,4.08585492618794,10.6881122033245,2.57133445865783e-06,5.03663450664935e-06,"PTGDR"
"Endogenous_CDH1_NM_004360.2","Endogenous","CDH1","NM_004360.2",FALSE,NA,-0.292338301968247,-0.707966649016248,-0.415628347048001,-0.178144444823973,-0.47048274679222,9.52190061920778,10.6643189797276,2.64355977268808e-06,5.16479544278392e-06,"CDH1"
"Endogenous_PDZK1IP1_NM_005764.3","Endogenous","PDZK1IP1","NM_005764.3",FALSE,NA,-0.16671941462686,-0.829337762915113,-0.662618348288254,0.358161303521461,0.191441888894602,9.19721893859156,10.6334984820934,2.74018428325978e-06,5.33984629558316e-06,"PDZK1IP1"
"Endogenous_IL1RAP_NM_001167928.1","Endogenous","IL1RAP","NM_001167928.1",FALSE,NA,-0.170837919562269,-0.131015114149513,0.0398228054127561,-0.567814308065584,-0.738652227627853,6.32064114335946,10.625302790138,2.76647589779226e-06,5.37729330517166e-06,"IL1RAP"
"Endogenous_TNFRSF14_NM_003820.3","Endogenous","TNFRSF14","NM_003820.3",FALSE,NA,0.28654283108806,0.450033208343973,0.163490377255912,0.744558391722157,1.03110122281022,6.88266528732267,10.5935730834573,2.87069916201622e-06,5.56564123248042e-06,"TNFRSF14"
"Endogenous_CDH5_NM_001795.3","Endogenous","CDH5","NM_001795.3",FALSE,NA,-0.729319168128436,-0.480524621707599,0.248794546420837,0.498096575199662,-0.231222592928774,6.11193927043361,10.5517402488925,3.01422035644151e-06,5.82902664350013e-06,"CDH5"
"Endogenous_PRKCI_NM_002740.4","Endogenous","PRKCI","NM_002740.4",FALSE,NA,-0.11857653386805,-0.343853433443063,-0.225276899575013,-0.143080161134854,-0.261656695002904,7.36504245124338,10.494037787631,3.22421033644629e-06,6.21928897385579e-06,"PRKCI"
"Endogenous_OSM_NM_020530.4","Endogenous","OSM","NM_020530.4",FALSE,NA,-0.491335974445492,-0.0798232823801923,0.411512692065299,1.74266275424355,1.25132677979806,3.59397647980915,10.4884102433352,3.24546796274465e-06,6.2444446878125e-06,"OSM"
"Endogenous_CCL3L1_NM_021006.4","Endogenous","CCL3L1","NM_021006.4",FALSE,NA,-0.308715124064395,0.68988161318146,0.998596737245855,1.44313094420985,1.13441582014545,4.50965245733671,10.4805838335037,3.27526808225116e-06,6.28586803664364e-06,"CCL3L1"
"Endogenous_TREX1_NM_016381.3","Endogenous","TREX1","NM_016381.3",FALSE,NA,-0.0914151489127679,0.0805916054102847,0.172006754323053,0.545058441596343,0.453643292683575,7.84625602345166,10.4702744371195,3.31494636292964e-06,6.3459930373464e-06,"TREX1"
"Endogenous_RUNX2_NM_001024630.3","Endogenous","RUNX2","NM_001024630.3",FALSE,NA,-0.671235513128714,0.342209019900526,1.01344453302924,1.70485723705547,1.03362172392676,3.80619748083898,10.4612860509131,3.34993791473584e-06,6.39686636984734e-06,"RUNX2"
"Endogenous_CEBPA_NM_004364.2","Endogenous","CEBPA","NM_004364.2",FALSE,NA,0.0570171161087174,-0.449209291858232,-0.506226407966949,-0.723200328651386,-0.666183212542668,9.16680414898693,10.4233579384657,3.50176373295005e-06,6.6700261580001e-06,"CEBPA"
"Endogenous_TXNDC16_NM_001160047.1","Endogenous","TXNDC16","NM_001160047.1",FALSE,NA,0.0244076896896397,0.154954558319422,0.130546868629782,-0.510439914763656,-0.486032225074016,5.93511648294871,10.3704780805374,3.72516223381568e-06,7.07780824424978e-06,"TXNDC16"
"Endogenous_EGR3_NM_004430.2","Endogenous","EGR3","NM_004430.2",FALSE,NA,0.0977981981525726,-0.236817815074401,-0.334616013226974,-1.06328370458876,-0.965485506436192,8.2709254192625,10.2990508209114,4.05004950425539e-06,7.67590429734189e-06,"EGR3"
"Endogenous_MERTK_NM_006343.2","Endogenous","MERTK","NM_006343.2",FALSE,NA,0.100870556987374,0.0526461695757865,-0.0482243874115875,-1.21456795068285,-1.11369739369548,5.9422899642555,10.2632225420729,4.22368887568378e-06,7.98508344656635e-06,"MERTK"
"Endogenous_TNFRSF8_NM_152942.2","Endogenous","TNFRSF8","NM_152942.2",FALSE,NA,-0.0296689931725895,0.517826826044534,0.547495819217124,1.37038053467637,1.34071154150378,4.36152848349104,10.1677591573807,4.7241182650557e-06,8.90900714998098e-06,"TNFRSF8"
"Endogenous_COL12A1_NM_004370.5","Endogenous","COL12A1","NM_004370.5",FALSE,NA,0.247249224392469,-0.67125596463959,-0.918505189032059,-0.725438384509276,-0.478189160116807,7.9392937769891,10.1191569606632,5.00158082654766e-06,9.40891442617877e-06,"COL12A1"
"Endogenous_VEGFA_NM_001025366.1","Endogenous","VEGFA","NM_001025366.1",FALSE,NA,-0.150854992850777,-0.767025461804808,-0.616170468954031,-0.222938445853164,-0.373793438703942,7.61439764702195,10.0789643739848,5.24348032655271e-06,9.81854863565548e-06,"VEGFA"
"Endogenous_CD1E_NM_001042583.1","Endogenous","CD1E","NM_001042583.1",FALSE,NA,-0.282372636406549,0.505930201311273,0.788302837717822,1.31116178910043,1.02878915269388,4.97161307179025,10.0786899579999,5.24517203431069e-06,9.81854863565548e-06,"CD1E"
"Endogenous_IFNGR1_NM_000416.2","Endogenous","IFNGR1","NM_000416.2",FALSE,NA,-0.0598199812582827,-0.12804076633109,-0.0682207850728069,-0.511239553218818,-0.571059534477101,9.10651078715113,10.0664594282063,5.32113481228092e-06,9.9362713939398e-06,"IFNGR1"
"Endogenous_IL9_NM_000590.1","Endogenous","IL9","NM_000590.1",FALSE,NA,1.27785642140294,0.768403537001703,-0.50945288440124,0.112698372059488,1.39055479346243,2.71547908877253,10.0634225979438,5.34016852004758e-06,9.94737273342196e-06,"IL9"
"Endogenous_CXCR1_NM_000634.2","Endogenous","CXCR1","NM_000634.2",FALSE,NA,0.259374261522446,0.242979921031523,-0.0163943404909226,1.02211430577873,1.28148856730117,3.3723019180271,10.0489937138255,5.43155064478284e-06,1.00928569438508e-05,"CXCR1"
"Endogenous_STAT3_NM_003150.3","Endogenous","STAT3","NM_003150.3",FALSE,NA,0.0224800794742244,-0.267503720709859,-0.289983800184084,0.303527374536744,0.326007454010968,9.97731548501692,10.0157820951288,5.64795961113939e-06,1.04693885474779e-05,"STAT3"
"Endogenous_TNFSF4_NM_003326.2","Endogenous","TNFSF4","NM_003326.2",FALSE,NA,0.432043731036718,0.806011296552769,0.37396756551605,0.60835186444531,1.04039559548203,4.50053030012349,9.95242153293035,6.08537634875991e-06,1.12527640512349e-05,"TNFSF4"
"Endogenous_HAVCR1_NM_001173393.1","Endogenous","HAVCR1","NM_001173393.1",FALSE,NA,-0.32194251560028,0.227461606894162,0.549404122494442,1.02880748390395,0.706864968303668,2.85423330958984,9.94929655709872,6.10781781564183e-06,1.12668483977859e-05,"HAVCR1"
"Endogenous_FGF7_NM_002009.3","Endogenous","FGF7","NM_002009.3",FALSE,NA,0.0464986309585971,-0.65746951916409,-0.703968150122687,-1.13097693890107,-1.08447830794247,6.03372724317216,9.9327118867098,6.22832938135282e-06,1.14613325177437e-05,"FGF7"
"Endogenous_ADGRE5_NM_078481.2","Endogenous","ADGRE5","NM_078481.2",FALSE,NA,0.108802431706964,0.523223507659477,0.414421075952513,0.61566289050339,0.724465322210355,8.47268975824003,9.92183299280907,6.30868655829073e-06,1.15811637301955e-05,"ADGRE5"
"Endogenous_CCNB2_NM_004701.2","Endogenous","CCNB2","NM_004701.2",FALSE,NA,0.34444071336971,-0.36685175657926,-0.71129246994897,0.174388039589972,0.518828752959681,5.05918897013784,9.9079040264122,6.41310941006597e-06,1.17444895220485e-05,"CCNB2"
"Endogenous_NLRP3_NM_001079821.2","Endogenous","NLRP3","NM_001079821.2",FALSE,NA,0.00421526530559646,0.486603361644533,0.482388096338936,-0.223730825016315,-0.219515559710718,4.80767997074679,9.90329283015573,6.44806330457128e-06,1.17801156525822e-05,"NLRP3"
"Endogenous_BIRC2_NM_001166.3","Endogenous","BIRC2","NM_001166.3",FALSE,NA,-0.0666530934982985,0.0396572656167171,0.106310359115016,-0.355613724338854,-0.422266817837152,7.74452937488488,9.88402065171109,6.59625332774047e-06,1.20219485109898e-05,"BIRC2"
"Endogenous_CCR2_NM_001123041.2","Endogenous","CCR2","NM_001123041.2",FALSE,NA,0.150106653006592,0.614600421433648,0.464493768427056,1.16151584645386,1.31162249946046,5.52706820318513,9.85133802256541,6.85549697547512e-06,1.24645399554093e-05,"CCR2"
"Endogenous_IDO2_NM_194294.2","Endogenous","IDO2","NM_194294.2",FALSE,NA,0.0347497582350926,0.709498669931396,0.674748911696303,0.878948359027367,0.91369811726246,2.52274302199609,9.84040444881736,6.94450990654636e-06,1.25962470858598e-05,"IDO2"
"Endogenous_AHR_NM_001621.3","Endogenous","AHR","NM_001621.3",FALSE,NA,0.19402033630662,-0.0047960591202969,-0.198816395426917,-0.564407271965946,-0.370386935659326,9.69231199825465,9.83166252191098,7.01652224043959e-06,1.26965640541288e-05,"AHR"
"Endogenous_ENPEP_NM_001977.3","Endogenous","ENPEP","NM_001977.3",FALSE,NA,-0.253550312826853,-0.786052985028923,-0.53250267220207,-0.9240870901266,-1.17763740295345,4.40471371790823,9.81772380966513,7.13291253661671e-06,1.28765166931798e-05,"ENPEP"
"Endogenous_APOE_NM_000041.2","Endogenous","APOE","NM_000041.2",FALSE,NA,0.248598878858582,0.195113941740743,-0.0534849371178385,-1.16000993233113,-0.911411053472548,9.76620924890405,9.81287591322016,7.17385025163148e-06,1.29197303109951e-05,"APOE"
"Endogenous_SQSTM1_NM_003900.3","Endogenous","SQSTM1","NM_003900.3",FALSE,NA,0.459350048013061,0.256957782438322,-0.202392265574739,-0.0247699938717858,0.434580054141275,9.64780916763702,9.80753425388657,7.21923334077398e-06,1.29519131550518e-05,"SQSTM1"
"Endogenous_ALOX5AP_NM_001629.2","Endogenous","ALOX5AP","NM_001629.2",FALSE,NA,0.195879953164608,0.733776544628326,0.537896591463718,0.758740129999252,0.95462008316386,7.32990174577303,9.80676367767936,7.22580418123944e-06,1.29519131550518e-05,"ALOX5AP"
"Endogenous_COL3A1_NM_000090.3","Endogenous","COL3A1","NM_000090.3",FALSE,NA,0.167821817750662,-0.782883147982728,-0.95070496573339,-0.923331628754022,-0.75550981100336,13.1542716804995,9.74018540412913,7.8170378208093e-06,1.39787029266237e-05,"COL3A1"
"Endogenous_C1QA_NM_015991.2","Endogenous","C1QA","NM_015991.2",FALSE,NA,0.116633273419998,0.453714216429828,0.33708094300983,1.20876912355169,1.32540239697169,8.34374896642738,9.73633665187923,7.8526784355897e-06,1.40094732653713e-05,"C1QA"
"Endogenous_CYP3A4_NM_017460.5","Endogenous","CYP3A4","NM_017460.5",FALSE,NA,0.84027361634869,0.389090205085038,-0.451183411263652,-1.40912799625936,-0.568854379910665,3.57140303752517,9.72020093185382,8.00390179235538e-06,1.42458205203515e-05,"CYP3A4"
"Endogenous_CD151_NM_139029.1","Endogenous","CD151","NM_139029.1",FALSE,NA,-0.184283583038687,-0.434507184147513,-0.250223601108826,0.253991583763244,0.0697080007245567,7.3575469076708,9.68688904425108,8.32550404722522e-06,1.47836053175027e-05,"CD151"
"Endogenous_TXN_NM_003329.2","Endogenous","TXN","NM_003329.2",FALSE,NA,-0.3275753536529,-0.622823332056919,-0.295247978404019,0.189889365824408,-0.137685987828492,10.7151452044398,9.67919908117129,8.40158736296438e-06,1.48839309926642e-05,"TXN"
"Endogenous_NOX1_NM_007052.4","Endogenous","NOX1","NM_007052.4",FALSE,NA,-0.814936832420605,-0.0121088751514566,0.802827957269149,1.44740536775198,0.632468535331372,3.8309830964526,9.64711926265393,8.7266583280028e-06,1.54238612308887e-05,"NOX1"
"Endogenous_CXCR2_NM_001168298.1","Endogenous","CXCR2","NM_001168298.1",FALSE,NA,-0.279706165606205,-0.39923268291895,-0.119526517312745,1.03866950185913,0.758963336252921,4.97791862467606,9.58657800075605,9.37528839926247e-06,1.65318310520638e-05,"CXCR2"
"Endogenous_THBD_NM_000361.2","Endogenous","THBD","NM_000361.2",FALSE,NA,-0.18362977917077,-0.600750407791256,-0.417120628620486,-0.339525961049835,-0.523155740220606,8.96107116304777,9.5672132971836,9.59290934017871e-06,1.6876414579944e-05,"THBD"
"Endogenous_KIAA0101_NM_014736.5","Endogenous","KIAA0101","NM_014736.5",FALSE,NA,0.00294613178987779,-0.229360744605394,-0.232306876395272,1.04873581225727,1.05168194404715,3.48895431399112,9.55317902834041,9.75382031977519e-06,1.71198693834391e-05,"KIAA0101"
"Endogenous_FZD4_NM_012193.2","Endogenous","FZD4","NM_012193.2",FALSE,NA,0.466790734244049,0.175442125544919,-0.29134860869913,-1.13804821624881,-0.671257482004759,6.66087207990289,9.53473527697231,9.96945651716549e-06,1.74580344540225e-05,"FZD4"
"Endogenous_COL4A1_NM_001845.4","Endogenous","COL4A1","NM_001845.4",FALSE,NA,0.302200199547944,-0.414178836176896,-0.71637903572484,0.147657621272607,0.449857820820551,9.14021667934485,9.52495497514589,1.00857573683022e-05,1.76210933331257e-05,"COL4A1"
"Endogenous_CXCL1_NM_001511.1","Endogenous","CXCL1","NM_001511.1",FALSE,NA,-0.458813337273645,-0.63390843330991,-0.175095096036266,2.03931582651677,1.58050248924313,5.79026519276597,9.49675760379863,1.04288173829578e-05,1.81786725024035e-05,"CXCL1"
"Endogenous_SIGLEC5_NM_003830.2","Endogenous","SIGLEC5","NM_003830.2",FALSE,NA,0.0583121522097603,0.250885843816794,0.192573691607034,1.18428289139887,1.24259504360863,3.96267354306584,9.47983870031793,1.06403120967025e-05,1.85048906029609e-05,"SIGLEC5"
"Endogenous_CASP10_NM_001230.4","Endogenous","CASP10","NM_001230.4",FALSE,NA,-0.14631837193587,0.188235402575932,0.334553774511802,0.485750366278302,0.339431994342433,7.00055323469715,9.44163130672981,1.11340588078706e-05,1.93193714474467e-05,"CASP10"
"Endogenous_SOCS1_NM_003745.1","Endogenous","SOCS1","NM_003745.1",FALSE,NA,-0.00537085869500231,0.683355678088981,0.688726536783983,0.0383062146663145,0.0329353559713121,6.5357705365633,9.41124037408829,1.15433310512183e-05,1.99838988586012e-05,"SOCS1"
"Endogenous_PHLDA2_NM_003311.3","Endogenous","PHLDA2","NM_003311.3",FALSE,NA,-0.73226024383598,-0.716793303184905,0.0154669406510752,0.98992170563333,0.25766146179735,4.33945672110617,9.34552152091502,1.24812801769652e-05,2.15585748511218e-05,"PHLDA2"
"Endogenous_CCL14_NM_032963.3","Endogenous","CCL14","NM_032963.3",FALSE,NA,0.190118188119869,-0.120151952128313,-0.310270140248182,-1.50358651597041,-1.31346832785055,7.34309546028017,9.34087863115701,1.25503953394136e-05,2.16287992243862e-05,"CCL14"
"Endogenous_CCL1_NM_002981.1","Endogenous","CCL1","NM_002981.1",FALSE,NA,0.153142545700854,0.721161642511853,0.568019096810999,2.0212967892575,2.17443933495836,3.81413475839614,9.3287503451435,1.27327753897511e-05,2.18934599461784e-05,"CCL1"
"Endogenous_RGS16_NM_002928.2","Endogenous","RGS16","NM_002928.2",FALSE,NA,0.439553656329656,0.697312255454563,0.257758599124906,0.669595144317434,1.10914880064709,4.82267300167393,9.27107118204119,1.36375881534756e-05,2.33963137621704e-05,"RGS16"
"Endogenous_CAMP_NM_004345.3","Endogenous","CAMP","NM_004345.3",FALSE,NA,-0.469178007513841,-0.11605593594217,0.353122071571671,1.38884644033388,0.919668432820043,3.88682981409729,9.20638152381391,1.47301855217921e-05,2.5193541724623e-05,"CAMP"
"Endogenous_RAPGEF4_NM_007023.3","Endogenous","RAPGEF4","NM_007023.3",FALSE,NA,0.160885988083453,-0.308146106604685,-0.469032094688138,-0.948494376733531,-0.787608388650078,6.24347682580227,9.20516950950484,1.47514816677069e-05,2.5193541724623e-05,"RAPGEF4"
"Endogenous_CLEC7A_NM_197954.2","Endogenous","CLEC7A","NM_197954.2",FALSE,NA,0.206390078860125,0.591877778469827,0.385487699609702,0.646738569008883,0.853128647869008,5.85942875107538,9.16629582534128,1.54513305079469e-05,2.63296214933624e-05,"CLEC7A"
"Endogenous_COL15A1_NM_001855.2","Endogenous","COL15A1","NM_001855.2",FALSE,NA,0.512040291227904,-0.135829398704595,-0.647869689932499,-0.509431810578603,0.00260848064930119,7.80087751732672,9.15674498440463,1.56283653466019e-05,2.65717173678243e-05,"COL15A1"
"Endogenous_CD1A_NM_001763.2","Endogenous","CD1A","NM_001763.2",FALSE,NA,-0.569417577013031,0.342767268736011,0.912184845749042,1.52879172616207,0.959374149149037,6.85498424310842,9.14359986369755,1.58753903500543e-05,2.69314657724136e-05,"CD1A"
"Endogenous_BMP8A_NM_181809.3","Endogenous","BMP8A","NM_181809.3",FALSE,NA,0.936069099643134,0.586187836040224,-0.34988126360291,0.245414947877081,1.18148404752021,4.20833488795456,9.13126620249855,1.61107632512939e-05,2.72698887995175e-05,"BMP8A"
"Endogenous_SEMA5A_NM_003966.2","Endogenous","SEMA5A","NM_003966.2",FALSE,NA,0.333733069926164,0.00990483955193433,-0.32382823037423,-0.90257141447139,-0.568838344545226,6.27133855982467,8.95024357392113,2.00018894562399e-05,3.37809688594273e-05,"SEMA5A"
"Endogenous_CRIP1_NM_001311.4","Endogenous","CRIP1","NM_001311.4",FALSE,NA,0.73250399573844,0.674305516364292,-0.0581984793741483,-0.0346024128731024,0.697901582865338,11.232664079539,8.89960650920276,2.12520461638086e-05,3.58127607195e-05,"CRIP1"
"Endogenous_VAMP2_NM_014232.2","Endogenous","VAMP2","NM_014232.2",FALSE,NA,-0.249441982122564,0.119423265139405,0.368865247261969,0.422934343195402,0.173492361072839,9.02361077517499,8.83658435703222,2.29192066927252e-05,3.84562229552826e-05,"VAMP2"
"Endogenous_FLNB_NM_001164317.1","Endogenous","FLNB","NM_001164317.1",FALSE,NA,-0.107942376460999,-0.35554768653873,-0.247605310077731,-0.165840439497568,-0.273782815958567,8.49731953378626,8.83648515131356,2.29219328930829e-05,3.84562229552826e-05,"FLNB"
"Endogenous_CTSL_NM_001912.4","Endogenous","CTSL","NM_001912.4",FALSE,NA,0.385512411717722,-0.516603083821584,-0.902115495539306,-0.741836942641235,-0.356324530923513,6.78611142002632,8.81799904592064,2.34357137214294e-05,3.9231591251732e-05,"CTSL"
"Endogenous_STAT5B_NM_012448.3","Endogenous","STAT5B","NM_012448.3",FALSE,NA,0.22511643749869,0.336439925284096,0.111323487785406,-0.140555600312989,0.084560837185701,7.36875760522521,8.73483779912282,2.58952583481603e-05,4.32536183397843e-05,"STAT5B"
"Endogenous_RHOJ_NM_020663.4","Endogenous","RHOJ","NM_020663.4",FALSE,NA,-0.502513232315666,-0.328203962959761,0.174309269355905,-0.356751552674234,-0.859264784989899,4.98974204510602,8.69100157150566,2.72954046525107e-05,4.54923410875179e-05,"RHOJ"
"Endogenous_IL17RC_NM_153461.2","Endogenous","IL17RC","NM_153461.2",FALSE,NA,0.329448487373787,-0.164021410305923,-0.49346989767971,-0.371873209943276,-0.0424247225694891,7.34777498999942,8.52244123883902,3.34328052547031e-05,5.55994135526791e-05,"IL17RC"
"Endogenous_NOX3_NM_015718.2","Endogenous","NOX3","NM_015718.2",FALSE,NA,-0.56924705715427,-0.0242771985816068,0.544969858572663,1.62316985871972,1.05392280156545,3.01974222504156,8.5079038365856,3.40236052611553e-05,5.6458384276153e-05,"NOX3"
"Endogenous_TEP1_NM_007110.3","Endogenous","TEP1","NM_007110.3",FALSE,NA,0.0751031284810182,0.266380436689262,0.191277308208244,0.427451549438092,0.50255467791911,5.80183529937729,8.49272897046732,3.46515975646329e-05,5.73751942246646e-05,"TEP1"
"Endogenous_CCL26_NM_006072.4","Endogenous","CCL26","NM_006072.4",FALSE,NA,0.145333623755365,-0.509875148658837,-0.655208772414202,1.08172636308395,1.22705998683931,4.45792609008747,8.46217547375155,3.59518668578993e-05,5.93987365478337e-05,"CCL26"
"Endogenous_VSIR_NM_022153.1","Endogenous","VSIR","NM_022153.1",FALSE,NA,0.0277310155564781,0.280719606440918,0.25298859088444,0.5248634215771,0.552594437133578,6.67833453419311,8.34575041337181,4.13763683231717e-05,6.82126679514327e-05,"VSIR"
"Endogenous_CSTB_NM_000100.2","Endogenous","CSTB","NM_000100.2",FALSE,NA,-0.353190490755646,-0.798032564340035,-0.44484207358439,0.105761366831151,-0.247429123924494,11.1984470006287,8.32882621014426,4.22311883501109e-05,6.94712189309184e-05,"CSTB"
"Endogenous_HDAC1_NM_004964.2","Endogenous","HDAC1","NM_004964.2",FALSE,NA,0.103159309111208,0.0254522152598016,-0.0777070938514068,0.347412209886463,0.450571518997672,6.97798128183623,8.25896406266213,4.5953414949734e-05,7.54310914941638e-05,"HDAC1"
"Endogenous_NFKBIZ_NM_001005474.1","Endogenous","NFKBIZ","NM_001005474.1",FALSE,NA,-0.332756267557624,-0.593778357509105,-0.261022089951481,0.162942263496165,-0.169814004061459,8.55957270887397,8.23609580298263,4.72426700975577e-05,7.73802355046203e-05,"NFKBIZ"
"Endogenous_INSIG1_NM_005542.3","Endogenous","INSIG1","NM_005542.3",FALSE,NA,-0.354267782985951,-0.317238805070017,0.0370289779159334,-0.95795058667798,-1.31221836966393,7.93546945344834,8.21788994456559,4.82952181943024e-05,7.8934120059505e-05,"INSIG1"
"Endogenous_LPL_NM_000237.2","Endogenous","LPL","NM_000237.2",FALSE,NA,1.00239019908605,0.179271204368978,-0.823118994717068,-2.07924611537521,-1.07685591628917,6.01477697725252,8.21364526548524,4.85440138321851e-05,7.91704946619329e-05,"LPL"
"Endogenous_NR4A2_NM_006186.3","Endogenous","NR4A2","NM_006186.3",FALSE,NA,-0.84785230408342,-0.465017678947437,0.382834625135983,-0.288690838151409,-1.13654314223483,4.71162495849974,8.18998472215241,4.99548173168688e-05,8.12969189739192e-05,"NR4A2"
"Endogenous_CCL3_NM_002983.2","Endogenous","CCL3","NM_002983.2",FALSE,NA,0.365493297075614,0.876098087039566,0.510604789963952,0.956808235984685,1.3223015330603,4.44229322413814,8.17816461213364,5.06750945684935e-05,8.22928886155023e-05,"CCL3"
"Endogenous_USP18_NM_017414.3","Endogenous","USP18","NM_017414.3",FALSE,NA,0.361696456265451,0.751044665159604,0.389348208894153,0.468379717441342,0.830076173706793,5.11556113533043,8.14384493267775,5.28265877337322e-05,8.56038521911225e-05,"USP18"
"Endogenous_RGL1_NM_001297669.1","Endogenous","RGL1","NM_001297669.1",FALSE,NA,0.382940633309917,0.178858774067407,-0.20408185924251,-0.80350211442004,-0.420561481110123,6.8171754727614,8.14124309627418,5.29934207423129e-05,8.56914888599102e-05,"RGL1"
"Endogenous_STAB1_NM_015136.2","Endogenous","STAB1","NM_015136.2",FALSE,NA,0.0176675691451784,0.260863440446879,0.2431958713017,0.801182424807878,0.818849993953057,7.58186234385014,8.12457585384978,5.40748756339796e-05,8.72545763945318e-05,"STAB1"
"Endogenous_TEK_NM_000459.3","Endogenous","TEK","NM_000459.3",FALSE,NA,0.365440631716925,-0.0105653347300736,-0.376005966446998,-0.94218975904154,-0.576749127324615,4.67959508429353,8.09380810304988,5.61303085608442e-05,9.03793103945797e-05,"TEK"
"Endogenous_SERINC2_NM_018565.3","Endogenous","SERINC2","NM_018565.3",FALSE,NA,-0.419531237890181,-0.628609292646575,-0.209078054756395,0.343127420298035,-0.076403817592146,6.48131467054589,8.05961197416125,5.85077769813384e-05,9.4008267454159e-05,"SERINC2"
"Endogenous_CALR_NM_004343.2","Endogenous","CALR","NM_004343.2",FALSE,NA,0.258538179939732,-0.152862475980246,-0.411400655919978,-0.29578172910605,-0.0372435491663179,10.7999633087183,8.03087573055928,6.05843559638332e-05,9.71394736972853e-05,"CALR"
"Endogenous_CYSLTR1_NM_006639.2","Endogenous","CYSLTR1","NM_006639.2",FALSE,NA,0.218347302231306,0.628679997343234,0.410332695111927,0.19179804916631,0.410145351397617,5.79538978514042,8.01898748956201,6.14651201747775e-05,9.8344192279644e-05,"CYSLTR1"
"Endogenous_CCL13_NM_005408.2","Endogenous","CCL13","NM_005408.2",FALSE,NA,-0.411782239543673,-0.410571975660076,0.00121026388359624,1.84894576015804,1.43716352061437,9.37638043102703,8.00873858895553,6.22348317172538e-05,9.93665380359515e-05,"CCL13"
"Endogenous_SERPINB6_NM_004568.4","Endogenous","SERPINB6","NM_004568.4",FALSE,NA,0.308644881803627,0.0735022545502648,-0.235142627253362,-0.379905016241526,-0.0712601344378996,7.98903299666519,7.9899393046176,6.36721566505953e-05,0.000101448299904512,"SERPINB6"
"Endogenous_SELE_NM_000450.2","Endogenous","SELE","NM_000450.2",FALSE,NA,0.263120641334361,0.0703830298365826,-0.192737611497779,1.29706884466947,1.56018948600383,5.13036327052721,7.95709730488312,6.62642813906799e-05,0.000105357434847106,"SELE"
"Endogenous_RETNLB_NM_032579.2","Endogenous","RETNLB","NM_032579.2",FALSE,NA,0.00447972008442798,0.385625372831702,0.381145652747274,1.00708920789977,1.0115689279842,1.87413906677862,7.94155625076793,6.75278842178125e-05,0.000107142363268345,"RETNLB"
"Endogenous_NECTIN1_NM_203285.1","Endogenous","NECTIN1","NM_203285.1",FALSE,NA,-0.321732476827439,-0.639489012155707,-0.317756535328268,0.347208850839404,0.0254763740119657,9.16963904297083,7.93656403715252,6.79389437440213e-05,0.000107569994261367,"NECTIN1"
"Endogenous_CD244_NM_001166663.1","Endogenous","CD244","NM_001166663.1",FALSE,NA,0.14484991133827,0.50300191051971,0.35815199918144,0.989707065335784,1.13455697667405,2.83839537217673,7.9064020756012,7.04769483388046e-05,0.000111356508809754,"CD244"
"Endogenous_ERG_NM_001136155.1","Endogenous","ERG","NM_001136155.1",FALSE,NA,0.524532484256325,0.27384615370701,-0.250686330549316,-0.654266211854062,-0.129733727597737,4.96334780793371,7.87634889696508,7.31013124953386e-05,0.000115263480283106,"ERG"
"Endogenous_MAPK11_NM_002751.6","Endogenous","MAPK11","NM_002751.6",FALSE,NA,-0.0707933898730726,0.236820527956175,0.307613917829248,0.536632156362312,0.465838766489239,6.17751188538846,7.80255298048004,7.9973216242198e-05,0.00012583777296909,"MAPK11"
"Endogenous_S1PR1_NM_001400.3","Endogenous","S1PR1","NM_001400.3",FALSE,NA,0.537591024460109,0.420137571154307,-0.117453453305801,-0.0538325141772518,0.483758510282857,5.09382302633441,7.75968418737859,8.42618979687957e-05,0.000132312071190671,"S1PR1"
"Endogenous_ANOS1_NM_000216.2","Endogenous","ANOS1","NM_000216.2",FALSE,NA,0.289419124492612,-0.188129780793203,-0.477548905285816,-0.754271225563058,-0.464852101070446,5.05458810563201,7.66091287527527,9.50512339369432e-05,0.000148946263488818,"ANOS1"
"Endogenous_IL12A_NM_000882.2","Endogenous","IL12A","NM_000882.2",FALSE,NA,-0.145524234021388,0.451627399430677,0.597151633452065,0.677032618083295,0.531508384061908,2.64621139299733,7.65758216782862,9.54385057830126e-05,0.000149245399989896,"IL12A"
"Endogenous_COL1A2_NM_000089.3","Endogenous","COL1A2","NM_000089.3",FALSE,NA,-0.238411181281911,-0.898040376233345,-0.659629194951433,-0.412898460281179,-0.65130964156309,11.5706160301214,7.60648825206311,0.000101583592735565,0.000158528810018541,"COL1A2"
"Endogenous_ADAMTS9_NM_182920.1","Endogenous","ADAMTS9","NM_182920.1",FALSE,NA,0.0153320938379924,-0.6742297270587,-0.689561820896692,-0.181592950528144,-0.166260856690152,6.21039569538824,7.56879144487976,0.000106372894491103,0.000165662704535324,"ADAMTS9"
"Endogenous_PTGER2_NM_000956.2","Endogenous","PTGER2","NM_000956.2",FALSE,NA,-0.506324158109291,0.0562442382604065,0.562568396369698,-0.214448688161189,-0.72077284627048,5.49541007171853,7.55111244927491,0.000108697081959708,0.000168936160100978,"PTGER2"
"Endogenous_C3AR1_NM_004054.2","Endogenous","C3AR1","NM_004054.2",FALSE,NA,0.717598608703241,0.407758172157022,-0.309840436546219,0.1510495338048,0.868648142508041,5.88410608311113,7.50429662345612,0.000115103172115783,0.000178466265299954,"C3AR1"
"Endogenous_HIP1R_NM_003959.2","Endogenous","HIP1R","NM_003959.2",FALSE,NA,-0.250115793154968,-0.515132548144342,-0.265016754989374,0.26596412556122,0.0158483324062519,6.92320416290625,7.5020299034993,0.000115422865676845,0.000178466265299954,"HIP1R"
"Endogenous_IL1RN_NM_000577.3","Endogenous","IL1RN","NM_000577.3",FALSE,NA,0.0849075763485247,-0.504532001099806,-0.58943957744833,0.234394982706896,0.319302559055421,7.67757551125698,7.4998820519261,0.000115726623487196,0.000178466265299954,"IL1RN"
"Endogenous_PTX3_NM_002852.3","Endogenous","PTX3","NM_002852.3",FALSE,NA,-0.530780322696076,-1.11183770886365,-0.581057386167575,0.465991570558078,-0.0647887521379982,4.99499781495841,7.49958816941392,0.00011576824841168,0.000178466265299954,"PTX3"
"Endogenous_RIPK2_NM_003821.5","Endogenous","RIPK2","NM_003821.5",FALSE,NA,0.245697362819178,-0.0021796510185883,-0.247877013837766,-0.666476292029229,-0.420778929210051,6.29549853025461,7.47274938934719,0.000119634234038516,0.000184052667751563,"RIPK2"
"Endogenous_GNAI3_NM_006496.1","Endogenous","GNAI3","NM_006496.1",FALSE,NA,-0.138267368625273,-0.236633861198769,-0.0983664925734953,0.247402568969282,0.109135200344008,8.61931800618718,7.41848371565456,0.000127854900286222,0.000196302473166725,"GNAI3"
"Endogenous_TOP2A_NM_001067.3","Endogenous","TOP2A","NM_001067.3",FALSE,NA,-0.107715674588338,-0.595438340594291,-0.487722666005953,0.477286041048327,0.369570366459989,6.70730884082469,7.40130558398098,0.000130574568649078,0.000200073935833265,"TOP2A"
"Endogenous_CXCL3_NM_002090.2","Endogenous","CXCL3","NM_002090.2",FALSE,NA,0.260512096778111,0.792525708542948,0.532013611764837,0.662525955180775,0.923038051958887,4.25352263819377,7.3591148252899,0.000137505450135937,0.000210269903628394,"CXCL3"
"Endogenous_IL10_NM_000572.2","Endogenous","IL10","NM_000572.2",FALSE,NA,0.0746185668582182,0.125387683992962,0.050769117134744,1.14743380960639,1.2220523764646,3.33626662559354,7.29974700920376,0.000147893605416539,0.000225701084571425,"IL10"
"Endogenous_KITLG_NM_003994.4","Endogenous","KITLG","NM_003994.4",FALSE,NA,0.14162381768747,-0.180433587393033,-0.322057405080503,-0.691739317939507,-0.550115500252037,7.09879791434354,7.29363440407902,0.000149007311178785,0.000226945002997749,"KITLG"
"Endogenous_KIAA1671_NM_001145206.1","Endogenous","KIAA1671","NM_001145206.1",FALSE,NA,-0.172217416178817,-0.238063979572241,-0.0658465633934249,-0.533882932784327,-0.706100348963144,6.34416672790275,7.22942852637665,0.000161231008094797,0.000245071132304092,"KIAA1671"
"Endogenous_EPX_NM_000502.4","Endogenous","EPX","NM_000502.4",FALSE,NA,0.695348074217636,0.639698935788025,-0.0556491384296112,0.439801756616965,1.1351498308346,2.32804683497102,7.20872546712025,0.000165385080938392,0.000250883555914527,"EPX"
"Endogenous_FABP4_NM_001442.2","Endogenous","FABP4","NM_001442.2",FALSE,NA,1.37025019266326,0.315512655702532,-1.05473753696072,-2.82049506846878,-1.45024487580553,8.2178004258206,7.17117364283926,0.00017319827181589,0.000262212523067881,"FABP4"
"Endogenous_CCL17_NM_002987.2","Endogenous","CCL17","NM_002987.2",FALSE,NA,-0.131474759460615,0.67502565529614,0.806500414756755,2.88663935580056,2.75516459633995,6.33930892078961,7.16514540358494,0.000174486879044357,0.000263638226786703,"CCL17"
"Endogenous_LOXL2_NM_002318.2","Endogenous","LOXL2","NM_002318.2",FALSE,NA,-0.378243544134277,-0.0973114537541626,0.280932090380114,0.867101371075446,0.48885782694117,4.52811525120661,7.14707452727891,0.000178408164761457,0.000269028184957752,"LOXL2"
"Endogenous_GTF2H2_NM_001515.2","Endogenous","GTF2H2","NM_001515.2",FALSE,NA,0.120053794309064,0.0833737350320547,-0.0366800592770096,-0.530484057893836,-0.410430263584772,7.21348771841156,7.09392888082843,0.000190465041642169,0.000286640458709007,"GTF2H2"
"Endogenous_HPGDS_NM_014485.2","Endogenous","HPGDS","NM_014485.2",FALSE,NA,0.191562791101004,0.0328595893780905,-0.158703201722913,-1.08204816152694,-0.890485370425938,6.22383489237239,6.97510714198346,0.000220491057988496,0.000331172340061773,"HPGDS"
"Endogenous_KLF10_NM_005655.3","Endogenous","KLF10","NM_005655.3",FALSE,NA,0.0306435734724406,-0.000128699596393389,-0.030772273068834,-0.599909721375351,-0.56926614790291,8.82172131103649,6.94310392678093,0.000229367977544923,0.000343825765156098,"KLF10"
"Endogenous_MPEG1_NM_001039396.1","Endogenous","MPEG1","NM_001039396.1",FALSE,NA,-0.0152980299660133,0.372200596651191,0.387498626617204,0.636875702869589,0.621577672903576,7.76341012727755,6.93412437758784,0.000231923032196174,0.000346971465490339,"MPEG1"
"Endogenous_PRRX1_NM_022716.2","Endogenous","PRRX1","NM_022716.2",FALSE,NA,0.47355790624596,0.0247924051901691,-0.44876550105579,-0.462542195619315,0.0110157106266442,8.9597509992628,6.9084717253083,0.000239382020445767,0.00035742698534142,"PRRX1"
"Endogenous_ELANE_NM_001972.2","Endogenous","ELANE","NM_001972.2",FALSE,NA,-0.275512750812696,0.0137679248978362,0.289280675710533,1.19447321176376,0.918960460951066,3.1501522510678,6.85088016277429,0.000257024136976974,0.000383016360985295,"ELANE"
"Endogenous_MMP1_NM_002421.3","Endogenous","MMP1","NM_002421.3",FALSE,NA,0.19274316402289,0.0727990576643576,-0.119944106358532,2.2918523705947,2.48459553461759,4.26275459540121,6.79493005084962,0.000275422937024152,0.00040963098265823,"MMP1"
"Endogenous_FCGR3A_NM_000569.6","Endogenous","FCGR3A","NM_000569.6",FALSE,NA,0.444296123381428,0.238382862805261,-0.205913260576168,1.29721966239451,1.74151578577594,5.86227119532086,6.79221491579173,0.000276348944513399,0.000410205464512077,"FCGR3A"
"Endogenous_RAB3D_NM_004283.3","Endogenous","RAB3D","NM_004283.3",FALSE,NA,-0.0213591153460619,-0.515128368967892,-0.49376925362183,-0.361077585566983,-0.382436700913045,8.65032804589278,6.78952475413892,0.000277269540153254,0.000410769689115931,"RAB3D"
"Endogenous_TRAFD1_NM_001143906.1","Endogenous","TRAFD1","NM_001143906.1",FALSE,NA,0.334031368079035,0.41717120464383,0.0831398365647944,-0.161367898952744,0.172663469126292,8.13030935880458,6.77075866385154,0.000283778323733902,0.000419594408633785,"TRAFD1"
"Endogenous_PDGFA_NM_002607.5","Endogenous","PDGFA","NM_002607.5",FALSE,NA,-0.281698386365581,-0.0362492856796175,0.245449100685963,0.684699693671952,0.403001307306371,5.05429207510597,6.7285226088945,0.000298998424303402,0.000441240393146768,"PDGFA"
"Endogenous_ARG1_NM_000045.3","Endogenous","ARG1","NM_000045.3",FALSE,NA,0.261158710245287,-0.967037477265396,-1.22819618751068,-0.54467206072446,-0.283513350479174,8.54164857345953,6.71990161458641,0.000302205132882515,0.000445108335253316,"ARG1"
"Endogenous_ADGRE1_NM_001974.3","Endogenous","ADGRE1","NM_001974.3",FALSE,NA,0.0440278203838229,0.238483269506523,0.1944554491227,0.935499999330379,0.979527819714202,3.474057584606,6.71322419959604,0.000304712782188338,0.000447933683681115,"ADGRE1"
"Endogenous_RHOC_NM_175744.4","Endogenous","RHOC","NM_175744.4",FALSE,NA,0.29586343876214,0.112596396834798,-0.183267041927342,-0.272011423116668,0.0238520156454722,8.98121495799854,6.69370584845003,0.000312164055488807,0.000458001316933384,"RHOC"
"Endogenous_MMP8_NM_002424.2","Endogenous","MMP8","NM_002424.2",FALSE,NA,0.683817032823104,0.600107495735302,-0.0837095370878025,0.177468650599239,0.861285683422343,2.86649203614412,6.6918778059496,0.00031287129266953,0.000458154494082548,"MMP8"
"Endogenous_MAPK12_NM_002969.3","Endogenous","MAPK12","NM_002969.3",FALSE,NA,-0.389974962280869,-0.0525040669682264,0.337470895312642,0.83790725469653,0.447932292415662,4.12121211088076,6.67783712771519,0.000318357677629393,0.000465291990381421,"MAPK12"
"Endogenous_ZNF77_NM_021217.2","Endogenous","ZNF77","NM_021217.2",FALSE,NA,0.298436707420104,0.175976399587086,-0.122460307833018,-0.330833795814891,-0.0323970883947871,5.53021901039704,6.64124406770002,0.000333118042560894,0.000485930349992859,"ZNF77"
"Endogenous_GEM_NM_005261.2","Endogenous","GEM","NM_005261.2",FALSE,NA,-0.39578130014072,0.17812760751636,0.57390890765708,0.139066210587679,-0.25671508955304,6.56256689705569,6.5909149711684,0.000354556638496285,0.000516212730377733,"GEM"
"Endogenous_NOTCH1_NM_017617.3","Endogenous","NOTCH1","NM_017617.3",FALSE,NA,0.295131393421969,0.266827805437226,-0.0283035879847437,0.0968164216811802,0.391947815103149,8.05192396751481,6.58739171477059,0.000356108684034514,0.000517481070489925,"NOTCH1"
"Endogenous_ADAMTS4_NM_005099.4","Endogenous","ADAMTS4","NM_005099.4",FALSE,NA,0.119641691443571,-0.154148528762872,-0.273790220206443,1.13606470948337,1.25570640092694,4.45662889776688,6.55722068766868,0.000369683942825247,0.000536182817838144,"ADAMTS4"
"Endogenous_IL1RL1_NM_016232.4","Endogenous","IL1RL1","NM_016232.4",FALSE,NA,0.106904949205449,-0.0679728560155901,-0.174877805221039,-0.983704625663051,-0.876799676457602,5.13936620384484,6.55184319308284,0.000372157896313796,0.000538742859425686,"IL1RL1"
"Endogenous_TWISTNB_NM_001002926.1","Endogenous","TWISTNB","NM_001002926.1",FALSE,NA,-0.197679938044008,-0.173839759038373,0.0238401790056351,-0.262851053465155,-0.460530991509163,6.47443651042324,6.52959342734996,0.000382573248619808,0.000552767431465882,"TWISTNB"
"Endogenous_CD209_NM_001144899.1","Endogenous","CD209","NM_001144899.1",FALSE,NA,-0.312220422892468,-0.406572179180563,-0.0943517562880958,0.980899500271721,0.668679077379253,6.91585468318514,6.46481822273343,0.00041460429762558,0.000597911321053967,"CD209"
"Endogenous_CASP5_NM_004347.1","Endogenous","CASP5","NM_004347.1",FALSE,NA,0.233528159783395,0.43146703656612,0.197938876782725,1.08424551087495,1.31777367065835,3.15872502454412,6.46012804474673,0.000417026243441703,0.000600265047378209,"CASP5"
"Endogenous_IFNA2_NM_000605.3","Endogenous","IFNA2","NM_000605.3",FALSE,NA,0.153410212607765,0.103125139028447,-0.0502850735793179,0.966759075240769,1.12016928784853,3.91703979529022,6.45773360211566,0.000418268211514971,0.000600914632800337,"IFNA2"
"Endogenous_TLR5_NM_003268.5","Endogenous","TLR5","NM_003268.5",FALSE,NA,-0.0775444067944973,0.072790310737358,0.150334717531855,-0.508451435891477,-0.585995842685974,5.21655996081512,6.45095667025246,0.0004218036284542,0.000604850486085268,"TLR5"
"Endogenous_NOD1_NM_006092.2","Endogenous","NOD1","NM_006092.2",FALSE,NA,-0.478995543767144,-0.247662570522133,0.231332973245012,0.0898287532226494,-0.389166790544495,6.34191978318265,6.44209907007742,0.000426470085234597,0.000610390329149329,"NOD1"
"Endogenous_CMA1_NM_001836.2","Endogenous","CMA1","NM_001836.2",FALSE,NA,-0.123749502343482,-0.566000971042314,-0.442251468698832,-1.21570134435315,-1.33945084669663,6.14554899129514,6.40266579102447,0.000447886440388744,0.000639837771983919,"CMA1"
"Endogenous_TLR3_NM_003265.2","Endogenous","TLR3","NM_003265.2",FALSE,NA,0.296360448059316,0.326319273780925,0.029958825721609,-0.511279436966783,-0.214918988907467,5.29922443724672,6.39739753441404,0.000450828822762646,0.000642832842963623,"TLR3"
"Endogenous_ANGPT1_NM_001146.3","Endogenous","ANGPT1","NM_001146.3",FALSE,NA,0.552454462024718,0.220807743896582,-0.331646718128136,-0.884518971862163,-0.332064509837445,4.83916298411837,6.37592604855538,0.000463024399039926,0.000658986036086787,"ANGPT1"
"Endogenous_F11R_NM_144503.1","Endogenous","F11R","NM_144503.1",FALSE,NA,0.00146174748292882,-0.221274447244953,-0.222736194727882,-0.380708097534163,-0.379246350051234,8.00200884160099,6.36739787648882,0.000467960355627629,0.000664766112667285,"F11R"
"Endogenous_TIMD4_NM_138379.1","Endogenous","TIMD4","NM_138379.1",FALSE,NA,-0.481783520075653,0.349485640898833,0.831269160974486,1.15992688719925,0.678143367123593,4.38354819353228,6.34001894264652,0.000484169188858235,0.000686508551366153,"TIMD4"
"Endogenous_VTCN1_NM_024626.2","Endogenous","VTCN1","NM_024626.2",FALSE,NA,0.375033943773793,0.176022076862251,-0.199011866911542,-1.64619494224359,-1.2711609984698,3.46296116470503,6.33051843599277,0.000489925321916356,0.000693376619471937,"VTCN1"
"Endogenous_IFNB1_NM_002176.2","Endogenous","IFNB1","NM_002176.2",FALSE,NA,0.0159156747045381,0.317262949727733,0.301347275023195,1.00330672674404,1.01922240144858,2.03388121529694,6.29131233959317,0.000514420434612795,0.000726690576776439,"IFNB1"
"Endogenous_RIN2_NM_018993.2","Endogenous","RIN2","NM_018993.2",FALSE,NA,0.341042372535918,0.154602847314596,-0.186439525221322,0.283330342714422,0.62437271525034,5.85561350139018,6.25033219139604,0.000541348659608294,0.000763311653622084,"RIN2"
"Endogenous_ADAMTS17_NM_139057.2","Endogenous","ADAMTS17","NM_139057.2",FALSE,NA,-0.0787730973756702,-0.45680645254513,-0.378033355169459,-0.426957657929341,-0.505730755305011,4.98783518374282,6.24632285748786,0.000544058554605278,0.000765712039814835,"ADAMTS17"
"Endogenous_PRG3_NM_006093.3","Endogenous","PRG3","NM_006093.3",FALSE,NA,0.00462964058777082,0.17470896078604,0.170079320198269,1.0931786807701,1.09780832135787,3.25137705554401,6.1794979754206,0.0005912986095516,0.000830659784212969,"PRG3"
"Endogenous_HSPG2_NM_005529.5","Endogenous","HSPG2","NM_005529.5",FALSE,NA,-0.139393143291615,-0.380937182779713,-0.241544039488097,-0.241106515326482,-0.380499658618097,10.1698822971207,6.15082979821922,0.00061281568195322,0.000859298742222227,"HSPG2"
"Endogenous_CREM_NM_181571.2","Endogenous","CREM","NM_181571.2",FALSE,NA,-0.339311449031373,-0.0838454708398402,0.255465978191533,0.696152387110468,0.356840938079094,5.47333728159128,6.12833627357178,0.000630250986230718,0.000882119244079826,"CREM"
"Endogenous_FOSL1_NM_005438.3","Endogenous","FOSL1","NM_005438.3",FALSE,NA,-0.520786121063444,-0.703279583511979,-0.182493462448535,1.21730204310023,0.696515922036791,5.37410283771401,6.12258132475377,0.000634791765819392,0.000886841437541797,"FOSL1"
"Endogenous_IL17F_NM_052872.3","Endogenous","IL17F","NM_052872.3",FALSE,NA,-0.211016291427806,0.161737196029259,0.372753487457065,1.31703941864098,1.10602312721317,4.16878979300123,6.09660644228307,0.000655701379595938,0.000914372566042042,"IL17F"
"Endogenous_ID1_NM_002165.2","Endogenous","ID1","NM_002165.2",FALSE,NA,0.230966819996087,-0.314151977471365,-0.545118797467453,-0.620189340504808,-0.389222520508721,8.683076109803,6.09395331500518,0.000657875924142179,0.000915724729575195,"ID1"
"Endogenous_IL1A_NM_000575.3","Endogenous","IL1A","NM_000575.3",FALSE,NA,0.069539166982076,-0.354540318848896,-0.424079485830972,-0.974283143900978,-0.904743976918902,3.17977015221275,6.07560606101568,0.000673114371116055,0.00093522289222706,"IL1A"
"Endogenous_LIPA_NM_000235.3","Endogenous","LIPA","NM_000235.3",FALSE,NA,0.431542080661203,-0.148475457174251,-0.580017537835454,-0.65207786568582,-0.220535785024617,7.506149062143,6.07080093159951,0.000677163908966122,0.000939132428493162,"LIPA"
"Endogenous_FCN1_NM_002003.3","Endogenous","FCN1","NM_002003.3",FALSE,NA,0.801013954277352,0.504480127837937,-0.296533826439415,0.441018479624539,1.24203243390189,4.88273977735329,6.05996168346158,0.00068638933970388,0.000950192892850544,"FCN1"
"Endogenous_IL13_NM_002188.2","Endogenous","IL13","NM_002188.2",FALSE,NA,-0.0601997478877001,-0.0940770623691312,-0.0338773144814311,1.28520868750846,1.22500893962076,2.96745148373224,6.05206602416688,0.000693189286862616,0.000957861560028343,"IL13"
"Endogenous_SIRPA_NM_080792.2","Endogenous","SIRPA","NM_080792.2",FALSE,NA,0.20215744106693,-0.127271884450161,-0.329429325517091,-0.417413028839555,-0.215255587772625,7.31168304265204,6.03684117842828,0.000706494079232172,0.000974474592044375,"SIRPA"
